latitude,longitude,brightness,scan,track,acquisition_date,acq_time,satellite,instrument,confidence,version,bright_ti5,frp,daynight,confidence_raw,acquisition_time,distance_to_industry,nearest_industry,industry_type,industrial_association,classification,ai_prediction,ai_match,risk_score,risk_level,id
29.46,76.86426,367.0,0.53,0.67,2026-08-22,705,N21,VIIRS,95.0,2.0NRT,290.49,52.02,D,h,0705,92.33,Synthetic_Facility_0132,lng_terminal,DISTANT,WILDFIRE,WILDFIRE,True,80,HIGH,FIRE_00001
29.45838,76.86343,367.0,0.53,0.67,2026-08-22,705,N21,VIIRS,95.0,2.0NRT,291.86,44.95,D,h,0705,92.22,Synthetic_Facility_0132,lng_terminal,DISTANT,WILDFIRE,WILDFIRE,True,80,HIGH,FIRE_00002
35.77931,71.34283,367.0,0.73,0.76,2026-08-22,707,N21,VIIRS,95.0,2.0NRT,304.68,30.81,D,h,0707,1018.88,Synthetic_Facility_0028,lng_terminal,NONE,WILDFIRE,WILDFIRE,True,75,HIGH,FIRE_00003
35.78063,71.341,367.0,0.73,0.76,2026-08-22,707,N21,VIIRS,95.0,2.0NRT,304.06,18.94,D,h,0707,1019.12,Synthetic_Facility_0028,lng_terminal,NONE,WILDFIRE,WILDFIRE,True,75,HIGH,FIRE_00004
29.45792,76.86768,352.46,0.49,0.65,2026-08-22,845,N21,VIIRS,70.0,2.0NRT,292.96,24.83,D,n,0845,91.94,Synthetic_Facility_0132,lng_terminal,DISTANT,WILDFIRE,WILDFIRE,True,75,HIGH,FIRE_00005
29.45823,76.87273,350.27,0.49,0.65,2026-08-22,845,N21,VIIRS,70.0,2.0NRT,291.98,24.83,D,n,0845,91.69,Synthetic_Facility_0132,lng_terminal,DISTANT,WILDFIRE,WILDFIRE,True,75,HIGH,FIRE_00006
29.47683,76.85993,341.77,0.5,0.49,2026-08-23,828,N21,VIIRS,70.0,2.0NRT,293.84,11.04,D,n,0828,94.19,Synthetic_Facility_0132,lng_terminal,DISTANT,WILDFIRE,WILDFIRE,True,75,HIGH,FIRE_00007
8.84246,80.37051,367.0,0.32,0.55,2026-08-26,726,N21,VIIRS,95.0,2.0NRT,290.49,7.96,D,h,0726,457.62,Synthetic_Facility_0121,lng_terminal,NONE,WILDFIRE,WILDFIRE,True,70,HIGH,FIRE_00008
8.60579,80.39751,354.43,0.45,0.47,2026-08-23,822,N21,VIIRS,70.0,2.0NRT,298.12,21.15,D,n,0822,484.02,Synthetic_Facility_0121,lng_terminal,NONE,WILDFIRE,WILDFIRE,True,70,HIGH,FIRE_00009
8.0778,80.77473,354.42,0.47,0.48,2026-08-23,822,N21,VIIRS,70.0,2.0NRT,299.72,29.48,D,n,0822,545.85,Synthetic_Facility_0082,mining,NONE,WILDFIRE,WILDFIRE,True,70,HIGH,FIRE_00010
8.51637,80.55676,353.27,0.49,0.65,2026-08-22,839,N21,VIIRS,70.0,2.0NRT,292.62,10.44,D,n,0839,495.31,Synthetic_Facility_0121,lng_terminal,NONE,WILDFIRE,WILDFIRE,True,70,HIGH,FIRE_00011
35.78179,71.34469,349.24,0.73,0.76,2026-08-22,707,N21,VIIRS,70.0,2.0NRT,304.57,18.94,D,n,0707,1018.96,Synthetic_Facility_0028,lng_terminal,NONE,WILDFIRE,WILDFIRE,True,70,HIGH,FIRE_00012
9.41199,80.39674,348.8,0.4,0.37,2026-08-24,803,N21,VIIRS,70.0,2.0NRT,302.54,15.33,D,n,0803,394.73,Synthetic_Facility_0121,lng_terminal,NONE,WILDFIRE,WILDFIRE,True,70,HIGH,FIRE_00013
8.5197,80.55456,347.16,0.49,0.65,2026-08-22,839,N21,VIIRS,70.0,2.0NRT,291.75,11.14,D,n,0839,494.92,Synthetic_Facility_0121,lng_terminal,NONE,WILDFIRE,WILDFIRE,True,70,HIGH,FIRE_00014
8.65083,80.40783,347.04,0.45,0.47,2026-08-23,822,N21,VIIRS,70.0,2.0NRT,296.56,11.94,D,n,0822,479.1,Synthetic_Facility_0121,lng_terminal,NONE,WILDFIRE,WILDFIRE,True,70,HIGH,FIRE_00015
8.49822,80.82897,347.03,0.48,0.48,2026-08-23,822,N21,VIIRS,70.0,2.0NRT,298.26,16.11,D,n,0822,500.0,Synthetic_Facility_0082,mining,NONE,WILDFIRE,WILDFIRE,True,70,HIGH,FIRE_00016
8.50187,80.855,346.58,0.48,0.48,2026-08-23,822,N21,VIIRS,70.0,2.0NRT,298.14,12.75,D,n,0822,499.92,Synthetic_Facility_0082,mining,NONE,WILDFIRE,WILDFIRE,True,70,HIGH,FIRE_00017
8.72988,80.2678,346.46,0.39,0.36,2026-08-24,803,N21,VIIRS,70.0,2.0NRT,301.06,19.8,D,n,0803,469.58,Synthetic_Facility_0121,lng_terminal,NONE,WILDFIRE,WILDFIRE,True,70,HIGH,FIRE_00018
8.56826,80.59013,343.77,0.46,0.47,2026-08-23,822,N21,VIIRS,70.0,2.0NRT,298.38,18.89,D,n,0822,489.95,Synthetic_Facility_0121,lng_terminal,NONE,WILDFIRE,WILDFIRE,True,70,HIGH,FIRE_00019
9.45706,80.49337,343.5,0.62,0.54,2026-08-26,726,N21,VIIRS,70.0,2.0NRT,293.49,18.95,D,n,0726,390.71,Synthetic_Facility_0121,lng_terminal,NONE,WILDFIRE,WILDFIRE,True,70,HIGH,FIRE_00020
8.52206,80.63253,343.47,0.4,0.37,2026-08-24,803,N21,VIIRS,70.0,2.0NRT,287.9,10.48,D,n,0803,495.46,Synthetic_Facility_0082,mining,NONE,WILDFIRE,WILDFIRE,True,70,HIGH,FIRE_00021
30.01711,72.55633,343.44,0.41,0.45,2026-08-25,750,N21,VIIRS,70.0,2.0NRT,305.22,15.29,D,n,0750,480.84,Synthetic_Facility_0072,chemical,NONE,WILDFIRE,WILDFIRE,True,70,HIGH,FIRE_00022
31.99993,78.53543,342.79,0.54,0.42,2026-08-24,809,N21,VIIRS,70.0,2.0NRT,306.47,20.93,D,n,0809,387.45,Synthetic_Facility_0132,lng_terminal,NONE,WILDFIRE,WILDFIRE,True,70,HIGH,FIRE_00023
8.07135,81.24017,342.54,0.8,0.78,2026-08-22,659,N21,VIIRS,70.0,2.0NRT,287.1,13.12,D,n,0659,553.52,Synthetic_Facility_0082,mining,NONE,WILDFIRE,WILDFIRE,True,70,HIGH,FIRE_00024
8.43308,80.48814,342.2,0.4,0.37,2026-08-24,803,N21,VIIRS,70.0,2.0NRT,300.31,10.66,D,n,0803,503.85,Synthetic_Facility_0121,lng_terminal,NONE,WILDFIRE,WILDFIRE,True,70,HIGH,FIRE_00025
8.37619,81.05578,342.02,0.59,0.53,2026-08-26,726,N21,VIIRS,70.0,2.0NRT,282.19,19.03,D,n,0726,516.73,Synthetic_Facility_0082,mining,NONE,WILDFIRE,WILDFIRE,True,70,HIGH,FIRE_00026
8.61007,80.39693,341.99,0.45,0.47,2026-08-23,822,N21,VIIRS,70.0,2.0NRT,297.71,12.44,D,n,0822,483.54,Synthetic_Facility_0121,lng_terminal,NONE,WILDFIRE,WILDFIRE,True,70,HIGH,FIRE_00027
9.44357,78.05501,341.41,0.5,0.41,2026-08-23,822,N21,VIIRS,70.0,2.0NRT,303.99,12.43,D,n,0822,453.03,Synthetic_Facility_0121,lng_terminal,NONE,WILDFIRE,WILDFIRE,True,70,HIGH,FIRE_00028
8.91342,80.40723,341.33,0.46,0.47,2026-08-23,822,N21,VIIRS,70.0,2.0NRT,297.16,10.23,D,n,0822,450.02,Synthetic_Facility_0121,lng_terminal,NONE,WILDFIRE,WILDFIRE,True,70,HIGH,FIRE_00029
9.91635,78.2001,341.27,0.52,0.41,2026-08-23,822,N21,VIIRS,70.0,2.0NRT,302.38,14.59,D,n,0822,399.86,Synthetic_Facility_0121,lng_terminal,NONE,WILDFIRE,WILDFIRE,True,70,HIGH,FIRE_00030
8.07629,80.77386,341.03,0.47,0.48,2026-08-23,822,N21,VIIRS,70.0,2.0NRT,300.6,26.37,D,n,0822,546.01,Synthetic_Facility_0082,mining,NONE,WILDFIRE,WILDFIRE,True,70,HIGH,FIRE_00031
9.45557,80.49669,340.96,0.62,0.54,2026-08-26,726,N21,VIIRS,70.0,2.0NRT,293.67,16.03,D,n,0726,390.91,Synthetic_Facility_0121,lng_terminal,NONE,WILDFIRE,WILDFIRE,True,70,HIGH,FIRE_00032
8.06793,81.2382,340.73,0.79,0.78,2026-08-22,659,N21,VIIRS,70.0,2.0NRT,287.24,13.42,D,n,0659,553.85,Synthetic_Facility_0082,mining,NONE,WILDFIRE,WILDFIRE,True,70,HIGH,FIRE_00033
8.85957,80.99957,340.35,0.58,0.52,2026-08-26,726,N21,VIIRS,70.0,2.0NRT,293.58,11.11,D,n,0726,462.76,Synthetic_Facility_0082,mining,NONE,WILDFIRE,WILDFIRE,True,70,HIGH,FIRE_00034
9.45034,78.84183,352.32,0.38,0.59,2026-08-22,841,N21,VIIRS,70.0,2.0NRT,298.5,5.93,D,n,0841,414.79,Synthetic_Facility_0121,lng_terminal,NONE,WILDFIRE,WILDFIRE,True,65,MEDIUM,FIRE_00035
8.07282,81.23824,350.84,0.54,0.68,2026-08-22,839,N21,VIIRS,70.0,2.0NRT,280.91,7.58,D,n,0839,553.32,Synthetic_Facility_0082,mining,NONE,WILDFIRE,WILDFIRE,True,65,MEDIUM,FIRE_00036
8.90054,77.86071,349.93,0.48,0.4,2026-08-23,822,N21,VIIRS,70.0,2.0NRT,302.74,7.04,D,n,0822,516.04,Synthetic_Facility_0121,lng_terminal,NONE,WILDFIRE,WILDFIRE,True,65,MEDIUM,FIRE_00037
8.90358,77.85583,348.69,0.48,0.4,2026-08-23,822,N21,VIIRS,70.0,2.0NRT,302.48,9.02,D,n,0822,516.01,Synthetic_Facility_0121,lng_terminal,NONE,WILDFIRE,WILDFIRE,True,65,MEDIUM,FIRE_00038
29.76768,72.25974,348.33,0.41,0.6,2026-08-26,731,N21,VIIRS,70.0,2.0NRT,297.98,8.22,D,n,0731,487.55,Synthetic_Facility_0072,chemical,NONE,WILDFIRE,WILDFIRE,True,65,MEDIUM,FIRE_00039
8.8975,77.86558,347.98,0.48,0.4,2026-08-23,822,N21,VIIRS,70.0,2.0NRT,302.76,7.04,D,n,0822,516.07,Synthetic_Facility_0121,lng_terminal,NONE,WILDFIRE,WILDFIRE,True,65,MEDIUM,FIRE_00040
8.89992,77.85637,346.67,0.48,0.4,2026-08-23,822,N21,VIIRS,70.0,2.0NRT,302.13,6.53,D,n,0822,516.34,Synthetic_Facility_0121,lng_terminal,NONE,WILDFIRE,WILDFIRE,True,65,MEDIUM,FIRE_00041
9.34347,80.16696,346.15,0.33,0.55,2026-08-26,726,N21,VIIRS,70.0,2.0NRT,290.17,6.12,D,n,0726,401.25,Synthetic_Facility_0121,lng_terminal,NONE,WILDFIRE,WILDFIRE,True,65,MEDIUM,FIRE_00042
31.25143,73.94572,345.9,0.38,0.36,2026-08-24,809,N21,VIIRS,70.0,2.0NRT,301.62,7.81,D,n,0809,456.18,Synthetic_Facility_0028,lng_terminal,NONE,WILDFIRE,WILDFIRE,True,65,MEDIUM,FIRE_00043
8.51479,80.82964,344.04,0.4,0.37,2026-08-24,803,N21,VIIRS,70.0,2.0NRT,296.28,6.05,D,n,0803,498.18,Synthetic_Facility_0082,mining,NONE,WILDFIRE,WILDFIRE,True,65,MEDIUM,FIRE_00044
21.1012,72.63512,343.9,0.45,0.39,2026-08-24,2036,N21,VIIRS,70.0,2.0NRT,286.91,6.84,N,n,2036,197.42,Synthetic_Facility_0071,chemical,NONE,WILDFIRE,WILDFIRE,True,65,MEDIUM,FIRE_00045
8.20706,81.06178,343.86,0.53,0.67,2026-08-22,839,N21,VIIRS,70.0,2.0NRT,287.44,8.36,D,n,0839,535.39,Synthetic_Facility_0082,mining,NONE,WILDFIRE,WILDFIRE,True,65,MEDIUM,FIRE_00046
15.17561,76.65761,342.81,0.39,0.36,2026-08-24,805,N21,VIIRS,70.0,2.0NRT,296.54,8.73,D,n,0805,284.6,Synthetic_Facility_0139,chemical,NONE,WILDFIRE,WILDFIRE,True,65,MEDIUM,FIRE_00047
8.47721,80.67898,342.6,0.47,0.48,2026-08-23,822,N21,VIIRS,70.0,2.0NRT,296.91,7.18,D,n,0822,500.79,Synthetic_Facility_0082,mining,NONE,WILDFIRE,WILDFIRE,True,65,MEDIUM,FIRE_00048
8.58375,80.76497,342.52,0.48,0.48,2026-08-23,822,N21,VIIRS,70.0,2.0NRT,297.52,8.0,D,n,0822,489.83,Synthetic_Facility_0082,mining,NONE,WILDFIRE,WILDFIRE,True,65,MEDIUM,FIRE_00049
8.90116,77.86504,342.45,0.48,0.4,2026-08-23,822,N21,VIIRS,70.0,2.0NRT,302.95,7.04,D,n,0822,515.75,Synthetic_Facility_0121,lng_terminal,NONE,WILDFIRE,WILDFIRE,True,65,MEDIUM,FIRE_00050
8.61681,81.18475,341.62,0.42,0.37,2026-08-24,803,N21,VIIRS,70.0,2.0NRT,279.75,6.42,D,n,0803,492.88,Synthetic_Facility_0082,mining,NONE,WILDFIRE,WILDFIRE,True,65,MEDIUM,FIRE_00051
21.10555,72.64699,341.5,0.39,0.36,2026-08-23,826,N21,VIIRS,70.0,2.0NRT,294.7,6.06,D,n,0826,196.91,Synthetic_Facility_0071,chemical,NONE,WILDFIRE,WILDFIRE,True,65,MEDIUM,FIRE_00052
29.93404,71.85775,341.27,0.45,0.47,2026-08-25,750,N21,VIIRS,70.0,2.0NRT,301.34,5.89,D,n,0750,534.14,Synthetic_Facility_0072,chemical,NONE,WILDFIRE,WILDFIRE,True,65,MEDIUM,FIRE_00053
29.93823,71.85663,341.02,0.45,0.47,2026-08-25,750,N21,VIIRS,70.0,2.0NRT,301.42,5.82,D,n,0750,534.51,Synthetic_Facility_0072,chemical,NONE,WILDFIRE,WILDFIRE,True,65,MEDIUM,FIRE_00054
27.1462,88.45207,340.92,0.41,0.37,2026-08-22,705,N21,VIIRS,70.0,2.0NRT,295.38,5.8,D,n,0705,405.78,Synthetic_Facility_0114,lng_terminal,NONE,WILDFIRE,WILDFIRE,True,65,MEDIUM,FIRE_00055
8.02749,80.74197,340.54,0.47,0.47,2026-08-23,822,N21,VIIRS,70.0,2.0NRT,297.2,7.01,D,n,0822,551.1,Synthetic_Facility_0082,mining,NONE,WILDFIRE,WILDFIRE,True,65,MEDIUM,FIRE_00056
8.91827,80.41072,340.24,0.46,0.47,2026-08-23,822,N21,VIIRS,70.0,2.0NRT,295.58,5.26,D,n,0822,449.51,Synthetic_Facility_0121,lng_terminal,NONE,WILDFIRE,WILDFIRE,True,65,MEDIUM,FIRE_00057
8.37776,80.44932,340.17,0.48,0.65,2026-08-22,839,N21,VIIRS,70.0,2.0NRT,291.03,6.34,D,n,0839,509.66,Synthetic_Facility_0121,lng_terminal,NONE,WILDFIRE,WILDFIRE,True,65,MEDIUM,FIRE_00058
8.80171,80.96279,340.01,0.41,0.37,2026-08-24,803,N21,VIIRS,70.0,2.0NRT,293.65,5.25,D,n,0803,468.48,Synthetic_Facility_0082,mining,NONE,WILDFIRE,WILDFIRE,True,65,MEDIUM,FIRE_00059
18.57851,72.24107,334.45,0.55,0.51,2026-08-25,2017,N21,VIIRS,70.0,2.0NRT,290.87,10.27,N,n,2017,69.64,Synthetic_Facility_0131,lng_terminal,DISTANT,WILDFIRE,WILDFIRE,True,65,MEDIUM,FIRE_00060
29.45864,76.85911,330.26,0.53,0.67,2026-08-22,705,N21,VIIRS,70.0,2.0NRT,290.01,30.37,D,n,0705,92.49,Synthetic_Facility_0132,lng_terminal,DISTANT,WILDFIRE,WILDFIRE,True,65,MEDIUM,FIRE_00061
29.45762,76.86265,329.18,0.49,0.65,2026-08-22,845,N21,VIIRS,70.0,2.0NRT,292.79,12.13,D,n,0845,92.19,Synthetic_Facility_0132,lng_terminal,DISTANT,WILDFIRE,WILDFIRE,True,65,MEDIUM,FIRE_00062
21.37509,81.68103,314.57,0.39,0.36,2026-08-25,2017,N21,VIIRS,70.0,2.0NRT,290.19,3.85,N,n,2017,11.83,Synthetic_Facility_0078,mining,NEARBY,INDUSTRIAL_FIRE,INDUSTRIAL_FIRE,True,65,MEDIUM,FIRE_00063
8.24221,80.80006,339.73,0.62,0.54,2026-08-26,726,N21,VIIRS,70.0,2.0NRT,289.42,17.43,D,n,0726,527.94,Synthetic_Facility_0082,mining,NONE,WILDFIRE,WILDFIRE,True,60,MEDIUM,FIRE_00064
9.2187,77.62897,339.64,0.47,0.4,2026-08-23,822,N21,VIIRS,70.0,2.0NRT,307.61,10.49,D,n,0822,499.35,Synthetic_Facility_0121,lng_terminal,NONE,WILDFIRE,WILDFIRE,True,60,MEDIUM,FIRE_00065
9.89958,77.78525,339.16,0.49,0.4,2026-08-23,822,N21,VIIRS,70.0,2.0NRT,303.59,13.81,D,n,0822,427.78,Synthetic_Facility_0121,lng_terminal,NONE,WILDFIRE,WILDFIRE,True,60,MEDIUM,FIRE_00066
18.57603,72.24243,338.81,0.55,0.51,2026-08-25,2017,N21,VIIRS,70.0,2.0NRT,291.05,9.74,N,n,2017,69.7,Synthetic_Facility_0131,lng_terminal,DISTANT,WILDFIRE,WILDFIRE,True,60,MEDIUM,FIRE_00067
8.9117,80.47472,338.16,0.63,0.54,2026-08-26,726,N21,VIIRS,70.0,2.0NRT,289.9,11.6,D,n,0726,450.78,Synthetic_Facility_0121,lng_terminal,NONE,WILDFIRE,WILDFIRE,True,60,MEDIUM,FIRE_00068
9.90945,78.20588,336.58,0.52,0.41,2026-08-23,822,N21,VIIRS,70.0,2.0NRT,302.09,12.59,D,n,0822,400.16,Synthetic_Facility_0121,lng_terminal,NONE,WILDFIRE,WILDFIRE,True,60,MEDIUM,FIRE_00069
8.81339,80.80691,335.76,0.41,0.37,2026-08-24,803,N21,VIIRS,70.0,2.0NRT,298.56,10.49,D,n,0803,464.96,Synthetic_Facility_0082,mining,NONE,WILDFIRE,WILDFIRE,True,60,MEDIUM,FIRE_00070
8.07689,80.77808,333.51,0.47,0.48,2026-08-23,822,N21,VIIRS,70.0,2.0NRT,296.44,14.89,D,n,0822,545.98,Synthetic_Facility_0082,mining,NONE,WILDFIRE,WILDFIRE,True,60,MEDIUM,FIRE_00071
9.45457,80.4912,333.31,0.62,0.54,2026-08-26,726,N21,VIIRS,70.0,2.0NRT,292.57,16.03,D,n,0726,390.96,Synthetic_Facility_0121,lng_terminal,NONE,WILDFIRE,WILDFIRE,True,60,MEDIUM,FIRE_00072
8.47969,80.36192,332.81,0.33,0.55,2026-08-26,726,N21,VIIRS,70.0,2.0NRT,284.05,10.08,D,n,0726,497.77,Synthetic_Facility_0121,lng_terminal,NONE,WILDFIRE,WILDFIRE,True,60,MEDIUM,FIRE_00073
23.67692,86.3983,332.68,0.56,0.43,2026-08-22,703,N21,VIIRS,70.0,2.0NRT,294.29,7.84,D,n,0703,90.13,Synthetic_Facility_0116,refinery,DISTANT,WILDFIRE,WILDFIRE,True,60,MEDIUM,FIRE_00074
27.96467,96.95645,331.24,0.41,0.37,2026-08-23,646,N21,VIIRS,70.0,2.0NRT,296.94,10.19,D,n,0646,605.36,Synthetic_Facility_0010,chemical,NONE,WILDFIRE,WILDFIRE,True,60,MEDIUM,FIRE_00075
29.45525,76.87004,329.19,0.49,0.65,2026-08-22,845,N21,VIIRS,70.0,2.0NRT,292.01,9.06,D,n,0845,91.55,Synthetic_Facility_0132,lng_terminal,DISTANT,WILDFIRE,WILDFIRE,True,60,MEDIUM,FIRE_00076
21.37453,81.64227,309.0,0.39,0.36,2026-08-25,2017,N21,VIIRS,70.0,2.0NRT,289.59,2.78,N,n,2017,8.49,Synthetic_Facility_0078,mining,NEARBY,INDUSTRIAL_FIRE,INDUSTRIAL_FIRE,True,60,MEDIUM,FIRE_00077
8.48021,80.36486,355.46,0.33,0.55,2026-08-26,726,N21,VIIRS,30.0,2.0NRT,283.93,10.44,D,l,0726,497.73,Synthetic_Facility_0121,lng_terminal,NONE,WILDFIRE,WILDFIRE,True,55,MEDIUM,FIRE_00078
11.74077,78.97653,347.16,0.36,0.57,2026-08-26,726,N21,VIIRS,70.0,2.0NRT,294.02,3.99,D,n,0726,186.14,Synthetic_Facility_0121,lng_terminal,NONE,WILDFIRE,WILDFIRE,True,55,MEDIUM,FIRE_00079
8.90419,77.86017,346.76,0.48,0.4,2026-08-23,822,N21,VIIRS,70.0,2.0NRT,303.21,3.82,D,n,0822,515.72,Synthetic_Facility_0121,lng_terminal,NONE,WILDFIRE,WILDFIRE,True,55,MEDIUM,FIRE_00080
8.68311,80.93121,344.63,0.49,0.49,2026-08-23,822,N21,VIIRS,70.0,2.0NRT,293.36,3.79,D,n,0822,481.02,Synthetic_Facility_0082,mining,NONE,WILDFIRE,WILDFIRE,True,55,MEDIUM,FIRE_00081
8.47044,80.168,340.86,0.43,0.46,2026-08-23,822,N21,VIIRS,70.0,2.0NRT,291.64,3.56,D,n,0822,498.15,Synthetic_Facility_0121,lng_terminal,NONE,WILDFIRE,WILDFIRE,True,55,MEDIUM,FIRE_00082
25.20672,96.44746,340.53,0.39,0.44,2026-08-22,703,N21,VIIRS,70.0,2.0NRT,294.88,4.54,D,n,0703,493.72,Synthetic_Facility_0010,chemical,NONE,WILDFIRE,WILDFIRE,True,55,MEDIUM,FIRE_00083
9.56224,80.35896,340.34,0.4,0.37,2026-08-24,803,N21,VIIRS,70.0,2.0NRT,301.52,3.19,D,n,0803,377.8,Synthetic_Facility_0121,lng_terminal,NONE,WILDFIRE,WILDFIRE,True,55,MEDIUM,FIRE_00084
27.43514,70.78793,340.31,0.4,0.44,2026-08-22,845,N21,VIIRS,70.0,2.0NRT,305.64,3.19,D,n,0845,512.27,Synthetic_Facility_0032,power_plant,NONE,WILDFIRE,WILDFIRE,True,55,MEDIUM,FIRE_00085
22.34392,69.86665,339.9,0.43,0.46,2026-08-24,2036,N21,VIIRS,70.0,2.0NRT,293.84,7.01,N,n,2036,292.83,Synthetic_Facility_0110,chemical,NONE,WILDFIRE,WILDFIRE,True,55,MEDIUM,FIRE_00086
30.46405,71.92369,339.0,0.43,0.46,2026-08-25,750,N21,VIIRS,70.0,2.0NRT,300.42,6.25,D,n,0750,566.07,Synthetic_Facility_0072,chemical,NONE,WILDFIRE,WILDFIRE,True,55,MEDIUM,FIRE_00087
29.89989,72.12016,338.87,0.51,0.49,2026-08-22,845,N21,VIIRS,70.0,2.0NRT,300.04,7.01,D,n,0845,508.81,Synthetic_Facility_0072,chemical,NONE,WILDFIRE,WILDFIRE,True,55,MEDIUM,FIRE_00088
30.34867,74.23013,338.78,0.6,0.53,2026-08-26,731,N21,VIIRS,70.0,2.0NRT,299.85,6.85,D,n,0731,372.94,Synthetic_Facility_0028,lng_terminal,NONE,WILDFIRE,WILDFIRE,True,55,MEDIUM,FIRE_00089
8.75407,80.1897,338.42,0.44,0.46,2026-08-23,822,N21,VIIRS,70.0,2.0NRT,297.04,8.47,D,n,0822,466.7,Synthetic_Facility_0121,lng_terminal,NONE,WILDFIRE,WILDFIRE,True,55,MEDIUM,FIRE_00090
8.69059,80.75645,338.22,0.48,0.48,2026-08-23,822,N21,VIIRS,70.0,2.0NRT,295.36,5.01,D,n,0822,477.93,Synthetic_Facility_0082,mining,NONE,WILDFIRE,WILDFIRE,True,55,MEDIUM,FIRE_00091
21.10395,72.64455,338.21,0.43,0.46,2026-08-22,843,N21,VIIRS,70.0,2.0NRT,290.65,5.3,D,n,0843,197.09,Synthetic_Facility_0071,chemical,NONE,WILDFIRE,WILDFIRE,True,55,MEDIUM,FIRE_00092
30.5789,72.26801,338.12,0.45,0.39,2026-08-23,828,N21,VIIRS,70.0,2.0NRT,298.76,6.69,D,n,0828,547.47,Synthetic_Facility_0072,chemical,NONE,WILDFIRE,WILDFIRE,True,55,MEDIUM,FIRE_00093
22.37667,87.27975,338.08,0.53,0.42,2026-08-22,703,N21,VIIRS,70.0,2.0NRT,293.11,8.72,D,n,0703,110.35,Synthetic_Facility_0133,chemical,DISTANT,WILDFIRE,WILDFIRE,True,55,MEDIUM,FIRE_00094
22.92903,70.10583,337.17,0.39,0.36,2026-08-23,826,N21,VIIRS,70.0,2.0NRT,303.9,7.97,D,n,0826,259.61,Synthetic_Facility_0123,refinery,NONE,WILDFIRE,WILDFIRE,True,55,MEDIUM,FIRE_00095
8.65625,80.78227,336.92,0.4,0.37,2026-08-24,803,N21,VIIRS,70.0,2.0NRT,301.02,6.63,D,n,0803,482.01,Synthetic_Facility_0082,mining,NONE,WILDFIRE,WILDFIRE,True,55,MEDIUM,FIRE_00096
24.86393,68.06441,336.8,0.5,0.49,2026-08-24,807,N21,VIIRS,70.0,2.0NRT,300.52,5.36,D,n,0807,530.11,Synthetic_Facility_0123,refinery,NONE,WILDFIRE,WILDFIRE,True,55,MEDIUM,FIRE_00097
8.50076,80.82803,336.75,0.4,0.37,2026-08-24,803,N21,VIIRS,70.0,2.0NRT,297.56,5.8,D,n,0803,499.71,Synthetic_Facility_0082,mining,NONE,WILDFIRE,WILDFIRE,True,55,MEDIUM,FIRE_00098
8.16733,81.324,336.64,0.42,0.37,2026-08-24,803,N21,VIIRS,70.0,2.0NRT,297.52,6.69,D,n,0803,544.83,Synthetic_Facility_0082,mining,NONE,WILDFIRE,WILDFIRE,True,55,MEDIUM,FIRE_00099
8.261,81.33814,335.92,0.52,0.5,2026-08-23,822,N21,VIIRS,70.0,2.0NRT,297.68,5.49,D,n,0822,534.97,Synthetic_Facility_0082,mining,NONE,WILDFIRE,WILDFIRE,True,55,MEDIUM,FIRE_00100
16.40067,79.36681,335.24,0.55,0.51,2026-08-26,729,N21,VIIRS,70.0,2.0NRT,293.52,8.29,D,n,0729,131.3,Synthetic_Facility_0005,chemical,DISTANT,WILDFIRE,WILDFIRE,True,55,MEDIUM,FIRE_00101
8.06663,81.23905,335.24,0.54,0.68,2026-08-22,839,N21,VIIRS,70.0,2.0NRT,279.87,7.58,D,n,0839,554.01,Synthetic_Facility_0082,mining,NONE,WILDFIRE,WILDFIRE,True,55,MEDIUM,FIRE_00102
8.05551,80.34129,335.09,0.47,0.64,2026-08-22,839,N21,VIIRS,70.0,2.0NRT,283.89,7.29,D,n,0839,544.7,Synthetic_Facility_0121,lng_terminal,NONE,WILDFIRE,WILDFIRE,True,55,MEDIUM,FIRE_00103
8.96568,80.82936,335.05,0.49,0.48,2026-08-23,822,N21,VIIRS,70.0,2.0NRT,292.68,7.57,D,n,0822,448.46,Synthetic_Facility_0082,mining,NONE,WILDFIRE,WILDFIRE,True,55,MEDIUM,FIRE_00104
8.83193,80.54458,334.84,0.4,0.37,2026-08-24,803,N21,VIIRS,70.0,2.0NRT,296.25,6.74,D,n,0803,460.31,Synthetic_Facility_0121,lng_terminal,NONE,WILDFIRE,WILDFIRE,True,55,MEDIUM,FIRE_00105
9.23661,80.67361,334.78,0.48,0.48,2026-08-23,822,N21,VIIRS,70.0,2.0NRT,295.78,6.97,D,n,0822,416.73,Synthetic_Facility_0082,mining,NONE,WILDFIRE,WILDFIRE,True,55,MEDIUM,FIRE_00106
30.64766,73.95101,334.29,0.62,0.54,2026-08-26,731,N21,VIIRS,70.0,2.0NRT,299.95,6.69,D,n,0731,416.62,Synthetic_Facility_0028,lng_terminal,NONE,WILDFIRE,WILDFIRE,True,55,MEDIUM,FIRE_00107
15.62259,79.18162,334.29,0.59,0.53,2026-08-26,729,N21,VIIRS,70.0,2.0NRT,292.53,6.57,D,n,0729,193.18,Synthetic_Facility_0005,chemical,NONE,WILDFIRE,WILDFIRE,True,55,MEDIUM,FIRE_00108
22.21468,84.8694,334.29,0.39,0.36,2026-08-26,729,N21,VIIRS,70.0,2.0NRT,293.07,5.23,D,n,0729,152.09,Synthetic_Facility_0090,mining,NONE,WILDFIRE,WILDFIRE,True,55,MEDIUM,FIRE_00109
8.41145,80.25195,334.2,0.39,0.36,2026-08-24,803,N21,VIIRS,70.0,2.0NRT,296.32,5.44,D,n,0803,504.86,Synthetic_Facility_0121,lng_terminal,NONE,WILDFIRE,WILDFIRE,True,55,MEDIUM,FIRE_00110
21.10038,72.63611,334.04,0.61,0.71,2026-08-26,731,N21,VIIRS,70.0,2.0NRT,287.11,6.31,D,n,0731,197.51,Synthetic_Facility_0071,chemical,NONE,WILDFIRE,WILDFIRE,True,55,MEDIUM,FIRE_00111
23.66378,87.15511,333.81,0.51,0.41,2026-08-22,703,N21,VIIRS,70.0,2.0NRT,295.92,6.29,D,n,0703,131.27,Synthetic_Facility_0129,steel_mill,DISTANT,WILDFIRE,WILDFIRE,True,55,MEDIUM,FIRE_00112
29.76867,72.26379,333.72,0.41,0.6,2026-08-26,731,N21,VIIRS,70.0,2.0NRT,297.6,6.15,D,n,0731,487.26,Synthetic_Facility_0072,chemical,NONE,WILDFIRE,WILDFIRE,True,55,MEDIUM,FIRE_00113
21.1071,72.6448,333.63,0.45,0.39,2026-08-24,2036,N21,VIIRS,70.0,2.0NRT,286.64,5.21,N,n,2036,196.74,Synthetic_Facility_0071,chemical,NONE,WILDFIRE,WILDFIRE,True,55,MEDIUM,FIRE_00114
21.10355,72.64426,333.39,0.45,0.39,2026-08-24,2036,N21,VIIRS,70.0,2.0NRT,286.73,5.21,N,n,2036,197.14,Synthetic_Facility_0071,chemical,NONE,WILDFIRE,WILDFIRE,True,55,MEDIUM,FIRE_00115
8.51818,80.62943,333.28,0.4,0.37,2026-08-24,803,N21,VIIRS,70.0,2.0NRT,287.89,6.3,D,n,0803,495.87,Synthetic_Facility_0082,mining,NONE,WILDFIRE,WILDFIRE,True,55,MEDIUM,FIRE_00116
8.04678,80.63174,333.04,0.4,0.37,2026-08-24,803,N21,VIIRS,70.0,2.0NRT,294.41,5.28,D,n,0803,548.0,Synthetic_Facility_0121,lng_terminal,NONE,WILDFIRE,WILDFIRE,True,55,MEDIUM,FIRE_00117
8.23048,80.7622,332.97,0.62,0.54,2026-08-26,726,N21,VIIRS,70.0,2.0NRT,287.73,8.01,D,n,0726,528.84,Synthetic_Facility_0082,mining,NONE,WILDFIRE,WILDFIRE,True,55,MEDIUM,FIRE_00118
23.64585,85.43987,332.83,0.42,0.46,2026-08-22,703,N21,VIIRS,70.0,2.0NRT,289.32,8.73,D,n,0703,109.83,Synthetic_Facility_0116,refinery,DISTANT,WILDFIRE,WILDFIRE,True,55,MEDIUM,FIRE_00119
21.10633,72.64521,332.78,0.55,0.68,2026-08-26,909,N21,VIIRS,70.0,2.0NRT,288.69,6.43,D,n,0909,196.83,Synthetic_Facility_0071,chemical,NONE,WILDFIRE,WILDFIRE,True,55,MEDIUM,FIRE_00120
21.10424,72.64529,332.55,0.55,0.68,2026-08-26,909,N21,VIIRS,70.0,2.0NRT,288.95,7.18,D,n,0909,197.06,Synthetic_Facility_0071,chemical,NONE,WILDFIRE,WILDFIRE,True,55,MEDIUM,FIRE_00121
30.65028,73.94928,332.22,0.62,0.54,2026-08-26,731,N21,VIIRS,70.0,2.0NRT,299.86,6.71,D,n,0731,416.94,Synthetic_Facility_0028,lng_terminal,NONE,WILDFIRE,WILDFIRE,True,55,MEDIUM,FIRE_00122
8.04625,80.62816,331.83,0.4,0.37,2026-08-24,803,N21,VIIRS,70.0,2.0NRT,293.75,5.95,D,n,0803,548.02,Synthetic_Facility_0121,lng_terminal,NONE,WILDFIRE,WILDFIRE,True,55,MEDIUM,FIRE_00123
8.22948,80.75656,331.79,0.62,0.54,2026-08-26,726,N21,VIIRS,70.0,2.0NRT,286.42,8.01,D,n,0726,528.9,Synthetic_Facility_0082,mining,NONE,WILDFIRE,WILDFIRE,True,55,MEDIUM,FIRE_00124
32.09447,73.06223,331.72,0.61,0.54,2026-08-22,848,N21,VIIRS,70.0,2.0NRT,295.9,5.63,D,n,0848,591.41,Synthetic_Facility_0028,lng_terminal,NONE,WILDFIRE,WILDFIRE,True,55,MEDIUM,FIRE_00125
8.4115,81.06059,331.68,0.59,0.53,2026-08-26,726,N21,VIIRS,70.0,2.0NRT,288.35,5.23,D,n,0726,512.94,Synthetic_Facility_0082,mining,NONE,WILDFIRE,WILDFIRE,True,55,MEDIUM,FIRE_00126
9.44243,80.49594,331.63,0.62,0.54,2026-08-26,726,N21,VIIRS,70.0,2.0NRT,293.33,5.77,D,n,0726,392.35,Synthetic_Facility_0121,lng_terminal,NONE,WILDFIRE,WILDFIRE,True,55,MEDIUM,FIRE_00127
8.46124,80.65981,331.59,0.47,0.48,2026-08-23,822,N21,VIIRS,70.0,2.0NRT,294.79,7.09,D,n,0822,502.4,Synthetic_Facility_0082,mining,NONE,WILDFIRE,WILDFIRE,True,55,MEDIUM,FIRE_00128
8.60897,80.53074,331.3,0.4,0.37,2026-08-24,803,N21,VIIRS,70.0,2.0NRT,301.07,5.39,D,n,0803,484.8,Synthetic_Facility_0121,lng_terminal,NONE,WILDFIRE,WILDFIRE,True,55,MEDIUM,FIRE_00129
8.06715,81.23733,331.04,0.54,0.68,2026-08-22,839,N21,VIIRS,70.0,2.0NRT,279.42,8.98,D,n,0839,553.92,Synthetic_Facility_0082,mining,NONE,WILDFIRE,WILDFIRE,True,55,MEDIUM,FIRE_00130
22.37735,87.28273,330.92,0.53,0.42,2026-08-22,703,N21,VIIRS,70.0,2.0NRT,293.4,9.32,D,n,0703,110.01,Synthetic_Facility_0133,chemical,DISTANT,WILDFIRE,WILDFIRE,True,55,MEDIUM,FIRE_00131
9.43175,80.37721,330.8,0.63,0.54,2026-08-26,726,N21,VIIRS,70.0,2.0NRT,291.89,7.51,D,n,0726,392.39,Synthetic_Facility_0121,lng_terminal,NONE,WILDFIRE,WILDFIRE,True,55,MEDIUM,FIRE_00132
9.4241,80.4375,330.74,0.47,0.47,2026-08-23,822,N21,VIIRS,70.0,2.0NRT,296.68,6.13,D,n,0822,393.76,Synthetic_Facility_0121,lng_terminal,NONE,WILDFIRE,WILDFIRE,True,55,MEDIUM,FIRE_00133
10.38894,79.17622,330.34,0.37,0.58,2026-08-26,726,N21,VIIRS,70.0,2.0NRT,292.83,5.0,D,n,0726,304.19,Synthetic_Facility_0121,lng_terminal,NONE,WILDFIRE,WILDFIRE,True,55,MEDIUM,FIRE_00134
8.67752,80.97379,329.78,0.59,0.53,2026-08-26,726,N21,VIIRS,70.0,2.0NRT,291.95,5.94,D,n,0726,482.3,Synthetic_Facility_0082,mining,NONE,WILDFIRE,WILDFIRE,True,55,MEDIUM,FIRE_00135
22.37782,87.28007,329.41,0.45,0.63,2026-08-24,2034,N21,VIIRS,70.0,2.0NRT,288.78,6.44,N,n,2034,110.27,Synthetic_Facility_0133,chemical,DISTANT,WILDFIRE,WILDFIRE,True,55,MEDIUM,FIRE_00136
17.95628,80.79455,329.1,0.39,0.36,2026-08-25,2019,N21,VIIRS,70.0,2.0NRT,292.45,5.23,N,n,2019,254.63,Synthetic_Facility_0109,mining,NONE,WILDFIRE,WILDFIRE,True,55,MEDIUM,FIRE_00137
23.64755,85.43784,327.96,0.47,0.48,2026-08-22,1932,N21,VIIRS,70.0,2.0NRT,283.15,5.55,N,n,1932,110.12,Synthetic_Facility_0116,refinery,DISTANT,WILDFIRE,WILDFIRE,True,55,MEDIUM,FIRE_00138
21.18102,81.38407,309.56,0.39,0.36,2026-08-25,2017,N21,VIIRS,70.0,2.0NRT,290.28,2.19,N,n,2017,15.21,Synthetic_Facility_0143,power_plant,NEARBY,INDUSTRIAL_FIRE,INDUSTRIAL_FIRE,True,55,MEDIUM,FIRE_00139
21.37116,81.68417,308.19,0.39,0.36,2026-08-25,2017,N21,VIIRS,70.0,2.0NRT,289.83,2.32,N,n,2017,11.9,Synthetic_Facility_0078,mining,NEARBY,INDUSTRIAL_FIRE,INDUSTRIAL_FIRE,True,55,MEDIUM,FIRE_00140
21.18644,81.39273,307.39,0.39,0.36,2026-08-25,2017,N21,VIIRS,70.0,2.0NRT,290.17,2.81,N,n,2017,14.77,Synthetic_Facility_0143,power_plant,NEARBY,INDUSTRIAL_FIRE,INDUSTRIAL_FIRE,True,55,MEDIUM,FIRE_00141
29.45481,76.86952,332.79,0.47,0.4,2026-08-23,2053,N21,VIIRS,70.0,2.0NRT,292.29,4.23,N,n,2053,91.54,Synthetic_Facility_0132,lng_terminal,DISTANT,WILDFIRE,WILDFIRE,True,50,MEDIUM,FIRE_00142
29.45938,76.8674,332.56,0.5,0.49,2026-08-23,828,N21,VIIRS,70.0,2.0NRT,293.24,3.56,D,n,0828,92.1,Synthetic_Facility_0132,lng_terminal,DISTANT,WILDFIRE,WILDFIRE,True,50,MEDIUM,FIRE_00143
16.83534,79.16514,330.52,0.56,0.51,2026-08-26,729,N21,VIIRS,70.0,2.0NRT,291.87,3.28,D,n,0729,83.42,Synthetic_Facility_0005,chemical,DISTANT,WILDFIRE,WILDFIRE,True,50,MEDIUM,FIRE_00144
22.87479,86.06349,310.39,0.42,0.45,2026-08-22,1932,N21,VIIRS,70.0,2.0NRT,278.8,1.19,N,n,1932,7.04,Synthetic_Facility_0116,refinery,NEARBY,THERMAL_SOURCE,THERMAL_SOURCE,True,50,MEDIUM,FIRE_00145
18.69194,73.04287,307.97,0.49,0.49,2026-08-25,2017,N21,VIIRS,70.0,2.0NRT,291.16,2.48,N,n,2017,30.71,Synthetic_Facility_0105,lng_terminal,NEARBY,INDUSTRIAL_FIRE,INDUSTRIAL_FIRE,True,50,MEDIUM,FIRE_00146
18.69251,73.03823,306.34,0.49,0.49,2026-08-25,2017,N21,VIIRS,70.0,2.0NRT,291.2,3.2,N,n,2017,30.6,Synthetic_Facility_0105,lng_terminal,NEARBY,INDUSTRIAL_FIRE,INDUSTRIAL_FIRE,True,50,MEDIUM,FIRE_00147
18.67913,73.0365,304.98,0.49,0.49,2026-08-25,2017,N21,VIIRS,70.0,2.0NRT,290.52,4.0,N,n,2017,32.07,Synthetic_Facility_0105,lng_terminal,NEARBY,INDUSTRIAL_FIRE,INDUSTRIAL_FIRE,True,50,MEDIUM,FIRE_00148
8.62115,80.54183,339.87,0.46,0.47,2026-08-23,822,N21,VIIRS,70.0,2.0NRT,293.33,3.22,D,n,0822,483.57,Synthetic_Facility_0121,lng_terminal,NONE,WILDFIRE,WILDFIRE,True,45,MEDIUM,FIRE_00149
30.56539,72.19032,339.54,0.44,0.39,2026-08-23,828,N21,VIIRS,70.0,2.0NRT,298.71,4.83,D,n,0828,552.44,Synthetic_Facility_0072,chemical,NONE,WILDFIRE,WILDFIRE,True,45,MEDIUM,FIRE_00150
30.16776,73.22854,339.5,0.6,0.53,2026-08-22,845,N21,VIIRS,70.0,2.0NRT,298.72,3.82,D,n,0845,442.8,Synthetic_Facility_0072,chemical,NONE,WILDFIRE,WILDFIRE,True,45,MEDIUM,FIRE_00151
29.91653,72.49918,338.99,0.41,0.45,2026-08-25,750,N21,VIIRS,70.0,2.0NRT,306.11,3.52,D,n,0750,477.92,Synthetic_Facility_0072,chemical,NONE,WILDFIRE,WILDFIRE,True,45,MEDIUM,FIRE_00152
8.47084,80.76562,338.89,0.4,0.37,2026-08-24,803,N21,VIIRS,70.0,2.0NRT,300.82,3.8,D,n,0803,502.31,Synthetic_Facility_0082,mining,NONE,WILDFIRE,WILDFIRE,True,45,MEDIUM,FIRE_00153
21.10531,72.64595,338.88,0.4,0.37,2026-08-23,2055,N21,VIIRS,70.0,2.0NRT,293.86,3.85,N,n,2055,196.94,Synthetic_Facility_0071,chemical,NONE,WILDFIRE,WILDFIRE,True,45,MEDIUM,FIRE_00154
8.90481,77.86451,338.87,0.48,0.4,2026-08-23,822,N21,VIIRS,70.0,2.0NRT,303.44,3.82,D,n,0822,515.42,Synthetic_Facility_0121,lng_terminal,NONE,WILDFIRE,WILDFIRE,True,45,MEDIUM,FIRE_00155
8.25354,80.59314,338.55,0.46,0.47,2026-08-23,822,N21,VIIRS,70.0,2.0NRT,296.13,4.15,D,n,0822,524.73,Synthetic_Facility_0121,lng_terminal,NONE,WILDFIRE,WILDFIRE,True,45,MEDIUM,FIRE_00156
8.81962,80.60944,338.51,0.47,0.48,2026-08-23,822,N21,VIIRS,70.0,2.0NRT,294.04,3.26,D,n,0822,462.34,Synthetic_Facility_0082,mining,NONE,WILDFIRE,WILDFIRE,True,45,MEDIUM,FIRE_00157
9.22068,77.46474,338.5,0.46,0.39,2026-08-23,822,N21,VIIRS,70.0,2.0NRT,307.26,3.71,D,n,0822,509.53,Synthetic_Facility_0121,lng_terminal,NONE,WILDFIRE,WILDFIRE,True,45,MEDIUM,FIRE_00158
29.7016,68.52327,338.43,0.48,0.4,2026-08-22,845,N21,VIIRS,70.0,2.0NRT,308.94,2.33,D,n,0845,849.61,Synthetic_Facility_0111,mining,NONE,WILDFIRE,WILDFIRE,True,45,MEDIUM,FIRE_00159
9.42604,80.43779,337.7,0.47,0.47,2026-08-23,822,N21,VIIRS,70.0,2.0NRT,296.53,4.79,D,n,0822,393.55,Synthetic_Facility_0121,lng_terminal,NONE,WILDFIRE,WILDFIRE,True,45,MEDIUM,FIRE_00160
8.71734,80.52864,337.65,0.4,0.37,2026-08-24,803,N21,VIIRS,70.0,2.0NRT,295.36,4.47,D,n,0803,472.8,Synthetic_Facility_0121,lng_terminal,NONE,WILDFIRE,WILDFIRE,True,45,MEDIUM,FIRE_00161
15.36111,78.60121,337.47,0.43,0.46,2026-08-23,824,N21,VIIRS,70.0,2.0NRT,292.24,4.05,D,n,0824,208.28,Synthetic_Facility_0005,chemical,NONE,WILDFIRE,WILDFIRE,True,45,MEDIUM,FIRE_00162
28.08151,95.72957,337.37,0.39,0.36,2026-08-23,646,N21,VIIRS,70.0,2.0NRT,296.07,3.99,D,n,0646,492.59,Synthetic_Facility_0010,chemical,NONE,WILDFIRE,WILDFIRE,True,45,MEDIUM,FIRE_00163
8.95825,80.77052,337.24,0.41,0.37,2026-08-24,803,N21,VIIRS,70.0,2.0NRT,297.48,3.49,D,n,0803,448.53,Synthetic_Facility_0082,mining,NONE,WILDFIRE,WILDFIRE,True,45,MEDIUM,FIRE_00164
8.88601,80.4703,337.15,0.4,0.37,2026-08-24,803,N21,VIIRS,70.0,2.0NRT,301.68,2.57,D,n,0803,453.58,Synthetic_Facility_0121,lng_terminal,NONE,WILDFIRE,WILDFIRE,True,45,MEDIUM,FIRE_00165
8.9486,77.96073,336.94,0.49,0.4,2026-08-23,822,N21,VIIRS,70.0,2.0NRT,303.48,4.0,D,n,0822,506.01,Synthetic_Facility_0121,lng_terminal,NONE,WILDFIRE,WILDFIRE,True,45,MEDIUM,FIRE_00166
8.72069,80.52814,336.87,0.4,0.37,2026-08-24,803,N21,VIIRS,70.0,2.0NRT,299.01,3.67,D,n,0803,472.43,Synthetic_Facility_0121,lng_terminal,NONE,WILDFIRE,WILDFIRE,True,45,MEDIUM,FIRE_00167
30.61837,72.14405,336.82,0.52,0.5,2026-08-22,848,N21,VIIRS,70.0,2.0NRT,297.25,4.16,D,n,0848,560.23,Synthetic_Facility_0072,chemical,NONE,WILDFIRE,WILDFIRE,True,45,MEDIUM,FIRE_00168
8.37994,80.63216,336.69,0.4,0.37,2026-08-24,803,N21,VIIRS,70.0,2.0NRT,294.47,4.15,D,n,0803,511.2,Synthetic_Facility_0082,mining,NONE,WILDFIRE,WILDFIRE,True,45,MEDIUM,FIRE_00169
8.73994,77.59967,336.65,0.47,0.39,2026-08-23,822,N21,VIIRS,70.0,2.0NRT,302.47,3.45,D,n,0822,545.99,Synthetic_Facility_0121,lng_terminal,NONE,WILDFIRE,WILDFIRE,True,45,MEDIUM,FIRE_00170
9.38935,80.50688,336.56,0.47,0.48,2026-08-23,822,N21,VIIRS,70.0,2.0NRT,296.58,4.75,D,n,0822,398.34,Synthetic_Facility_0121,lng_terminal,NONE,WILDFIRE,WILDFIRE,True,45,MEDIUM,FIRE_00171
31.52843,72.1685,336.48,0.4,0.44,2026-08-25,752,N21,VIIRS,70.0,2.0NRT,300.67,4.69,D,n,0752,634.26,Synthetic_Facility_0072,chemical,NONE,WILDFIRE,WILDFIRE,True,45,MEDIUM,FIRE_00172
9.193,77.37519,336.48,0.46,0.39,2026-08-23,822,N21,VIIRS,70.0,2.0NRT,302.74,3.7,D,n,0822,517.84,Synthetic_Facility_0121,lng_terminal,NONE,WILDFIRE,WILDFIRE,True,45,MEDIUM,FIRE_00173
8.75457,80.18974,336.38,0.44,0.46,2026-08-23,822,N21,VIIRS,70.0,2.0NRT,296.23,4.64,D,n,0822,466.64,Synthetic_Facility_0121,lng_terminal,NONE,WILDFIRE,WILDFIRE,True,45,MEDIUM,FIRE_00174
8.65221,80.99674,336.23,0.5,0.49,2026-08-23,822,N21,VIIRS,70.0,2.0NRT,297.1,4.9,D,n,0822,485.46,Synthetic_Facility_0082,mining,NONE,WILDFIRE,WILDFIRE,True,45,MEDIUM,FIRE_00175
29.67231,71.77332,336.15,0.42,0.38,2026-08-23,828,N21,VIIRS,70.0,2.0NRT,298.64,4.17,D,n,0828,524.91,Synthetic_Facility_0072,chemical,NONE,WILDFIRE,WILDFIRE,True,45,MEDIUM,FIRE_00176
8.71787,80.53223,336.11,0.4,0.37,2026-08-24,803,N21,VIIRS,70.0,2.0NRT,295.94,4.47,D,n,0803,472.78,Synthetic_Facility_0121,lng_terminal,NONE,WILDFIRE,WILDFIRE,True,45,MEDIUM,FIRE_00177
9.42338,78.84542,336.06,0.38,0.59,2026-08-22,841,N21,VIIRS,70.0,2.0NRT,295.17,3.0,D,n,0841,417.46,Synthetic_Facility_0121,lng_terminal,NONE,WILDFIRE,WILDFIRE,True,45,MEDIUM,FIRE_00178
9.39075,78.88336,336.06,0.4,0.6,2026-08-26,726,N21,VIIRS,70.0,2.0NRT,291.74,2.89,D,n,0726,419.46,Synthetic_Facility_0121,lng_terminal,NONE,WILDFIRE,WILDFIRE,True,45,MEDIUM,FIRE_00179
30.69707,74.18148,335.91,0.39,0.36,2026-08-24,809,N21,VIIRS,70.0,2.0NRT,301.56,3.82,D,n,0809,398.26,Synthetic_Facility_0028,lng_terminal,NONE,WILDFIRE,WILDFIRE,True,45,MEDIUM,FIRE_00180
10.44329,79.62807,335.68,0.39,0.36,2026-08-24,803,N21,VIIRS,70.0,2.0NRT,288.58,3.01,D,n,0803,284.65,Synthetic_Facility_0121,lng_terminal,NONE,WILDFIRE,WILDFIRE,True,45,MEDIUM,FIRE_00181
25.53649,68.67298,335.61,0.45,0.39,2026-08-22,845,N21,VIIRS,70.0,2.0NRT,300.13,3.95,D,n,0845,502.7,Synthetic_Facility_0032,power_plant,NONE,WILDFIRE,WILDFIRE,True,45,MEDIUM,FIRE_00182
8.3808,81.04868,335.57,0.45,0.39,2026-08-25,744,N21,VIIRS,30.0,2.0NRT,289.82,11.6,D,l,0744,516.11,Synthetic_Facility_0082,mining,NONE,WILDFIRE,WILDFIRE,True,45,MEDIUM,FIRE_00183
8.40953,80.51969,335.49,0.32,0.55,2026-08-26,726,N21,VIIRS,70.0,2.0NRT,287.25,3.13,D,n,0726,506.74,Synthetic_Facility_0121,lng_terminal,NONE,WILDFIRE,WILDFIRE,True,45,MEDIUM,FIRE_00184
8.72122,80.53173,335.32,0.4,0.37,2026-08-24,803,N21,VIIRS,70.0,2.0NRT,298.66,3.67,D,n,0803,472.41,Synthetic_Facility_0121,lng_terminal,NONE,WILDFIRE,WILDFIRE,True,45,MEDIUM,FIRE_00185
10.66683,78.1728,335.13,0.52,0.42,2026-08-23,822,N21,VIIRS,70.0,2.0NRT,300.09,2.35,D,n,0822,334.48,Synthetic_Facility_0121,lng_terminal,NONE,WILDFIRE,WILDFIRE,True,45,MEDIUM,FIRE_00186
11.0347,77.14651,335.06,0.47,0.4,2026-08-23,822,N21,VIIRS,70.0,2.0NRT,298.72,3.86,D,n,0822,394.01,Synthetic_Facility_0121,lng_terminal,NONE,WILDFIRE,WILDFIRE,True,45,MEDIUM,FIRE_00187
28.32144,68.06577,335.04,0.43,0.46,2026-08-24,809,N21,VIIRS,70.0,2.0NRT,298.4,2.21,D,n,0809,757.32,Synthetic_Facility_0032,power_plant,NONE,WILDFIRE,WILDFIRE,True,45,MEDIUM,FIRE_00188
8.64193,80.81463,334.92,0.4,0.37,2026-08-24,803,N21,VIIRS,70.0,2.0NRT,298.43,2.44,D,n,0803,483.97,Synthetic_Facility_0082,mining,NONE,WILDFIRE,WILDFIRE,True,45,MEDIUM,FIRE_00189
9.09104,80.3176,334.84,0.4,0.37,2026-08-24,803,N21,VIIRS,70.0,2.0NRT,299.85,3.85,D,n,0803,429.75,Synthetic_Facility_0121,lng_terminal,NONE,WILDFIRE,WILDFIRE,True,45,MEDIUM,FIRE_00190
35.50361,71.27733,334.8,0.39,0.36,2026-08-24,809,N21,VIIRS,70.0,2.0NRT,303.83,2.93,D,n,0809,1000.03,Synthetic_Facility_0028,lng_terminal,NONE,WILDFIRE,WILDFIRE,True,45,MEDIUM,FIRE_00191
8.03123,80.36903,334.53,0.39,0.36,2026-08-24,803,N21,VIIRS,70.0,2.0NRT,293.69,2.6,D,n,0803,547.53,Synthetic_Facility_0121,lng_terminal,NONE,WILDFIRE,WILDFIRE,True,45,MEDIUM,FIRE_00192
29.30614,88.91681,334.44,0.39,0.36,2026-08-22,705,N21,VIIRS,70.0,2.0NRT,296.22,4.39,D,n,0705,516.38,Synthetic_Facility_0140,steel_mill,NONE,WILDFIRE,WILDFIRE,True,45,MEDIUM,FIRE_00193
8.25929,81.33698,334.32,0.52,0.5,2026-08-23,822,N21,VIIRS,70.0,2.0NRT,296.84,3.55,D,n,0822,535.13,Synthetic_Facility_0082,mining,NONE,WILDFIRE,WILDFIRE,True,45,MEDIUM,FIRE_00194
30.4898,71.85229,334.3,0.43,0.38,2026-08-23,828,N21,VIIRS,70.0,2.0NRT,299.53,2.93,D,n,0828,573.86,Synthetic_Facility_0072,chemical,NONE,WILDFIRE,WILDFIRE,True,45,MEDIUM,FIRE_00195
9.14451,80.51505,334.29,0.4,0.37,2026-08-24,803,N21,VIIRS,70.0,2.0NRT,301.51,4.08,D,n,0803,425.46,Synthetic_Facility_0121,lng_terminal,NONE,WILDFIRE,WILDFIRE,True,45,MEDIUM,FIRE_00196
8.51335,80.64053,334.16,0.47,0.48,2026-08-23,822,N21,VIIRS,70.0,2.0NRT,298.23,3.94,D,n,0822,496.49,Synthetic_Facility_0082,mining,NONE,WILDFIRE,WILDFIRE,True,45,MEDIUM,FIRE_00197
8.28506,80.13511,333.97,0.39,0.36,2026-08-24,803,N21,VIIRS,70.0,2.0NRT,297.8,4.77,D,n,0803,518.71,Synthetic_Facility_0121,lng_terminal,NONE,WILDFIRE,WILDFIRE,True,45,MEDIUM,FIRE_00198
28.80681,71.14798,333.4,0.53,0.67,2026-08-26,911,N21,VIIRS,70.0,2.0NRT,297.69,2.24,D,n,0911,542.06,Synthetic_Facility_0072,chemical,NONE,WILDFIRE,WILDFIRE,True,45,MEDIUM,FIRE_00199
14.26653,79.79261,333.38,0.49,0.49,2026-08-23,824,N21,VIIRS,70.0,2.0NRT,284.37,2.2,D,n,0824,130.9,Synthetic_Facility_0017,mining,DISTANT,WILDFIRE,WILDFIRE,True,45,MEDIUM,FIRE_00200
8.45003,80.69469,333.35,0.4,0.37,2026-08-24,803,N21,VIIRS,70.0,2.0NRT,297.47,4.47,D,n,0803,503.93,Synthetic_Facility_0082,mining,NONE,WILDFIRE,WILDFIRE,True,45,MEDIUM,FIRE_00201
8.61641,80.64407,333.28,0.4,0.37,2026-08-24,803,N21,VIIRS,70.0,2.0NRT,296.62,2.21,D,n,0803,485.1,Synthetic_Facility_0082,mining,NONE,WILDFIRE,WILDFIRE,True,45,MEDIUM,FIRE_00202
25.72138,96.65945,333.2,0.39,0.36,2026-08-23,646,N21,VIIRS,70.0,2.0NRT,294.48,3.05,D,n,0646,514.93,Synthetic_Facility_0010,chemical,NONE,WILDFIRE,WILDFIRE,True,45,MEDIUM,FIRE_00203
8.13738,81.11739,333.1,0.5,0.49,2026-08-23,822,N21,VIIRS,70.0,2.0NRT,298.49,4.59,D,n,0822,543.98,Synthetic_Facility_0082,mining,NONE,WILDFIRE,WILDFIRE,True,45,MEDIUM,FIRE_00204
8.46468,80.50782,333.1,0.46,0.47,2026-08-23,822,N21,VIIRS,70.0,2.0NRT,294.81,4.03,D,n,0822,500.53,Synthetic_Facility_0121,lng_terminal,NONE,WILDFIRE,WILDFIRE,True,45,MEDIUM,FIRE_00205
8.42284,80.19805,333.02,0.5,0.41,2026-08-25,744,N21,VIIRS,70.0,2.0NRT,290.25,3.15,D,n,0744,503.47,Synthetic_Facility_0121,lng_terminal,NONE,WILDFIRE,WILDFIRE,True,45,MEDIUM,FIRE_00206
10.44661,79.62756,332.75,0.39,0.36,2026-08-24,803,N21,VIIRS,70.0,2.0NRT,289.12,3.01,D,n,0803,284.3,Synthetic_Facility_0121,lng_terminal,NONE,WILDFIRE,WILDFIRE,True,45,MEDIUM,FIRE_00207
9.2728,77.32723,332.55,0.46,0.39,2026-08-23,822,N21,VIIRS,70.0,2.0NRT,300.12,3.22,D,n,0822,513.93,Synthetic_Facility_0121,lng_terminal,NONE,WILDFIRE,WILDFIRE,True,45,MEDIUM,FIRE_00208
31.38597,74.54482,332.51,0.39,0.44,2026-08-23,828,N21,VIIRS,70.0,2.0NRT,296.87,2.77,D,n,0828,417.49,Synthetic_Facility_0028,lng_terminal,NONE,WILDFIRE,WILDFIRE,True,45,MEDIUM,FIRE_00209
8.45845,80.7865,332.49,0.51,0.66,2026-08-22,839,N21,VIIRS,70.0,2.0NRT,293.38,4.04,D,n,0839,503.9,Synthetic_Facility_0082,mining,NONE,WILDFIRE,WILDFIRE,True,45,MEDIUM,FIRE_00210
8.38476,81.13155,332.49,0.41,0.37,2026-08-24,803,N21,VIIRS,70.0,2.0NRT,296.61,2.52,D,n,0803,517.16,Synthetic_Facility_0082,mining,NONE,WILDFIRE,WILDFIRE,True,45,MEDIUM,FIRE_00211
8.42442,80.75407,332.42,0.4,0.37,2026-08-24,803,N21,VIIRS,70.0,2.0NRT,300.32,3.56,D,n,0803,507.32,Synthetic_Facility_0082,mining,NONE,WILDFIRE,WILDFIRE,True,45,MEDIUM,FIRE_00212
8.4662,80.50702,332.38,0.46,0.47,2026-08-23,822,N21,VIIRS,70.0,2.0NRT,294.76,4.71,D,n,0822,500.36,Synthetic_Facility_0121,lng_terminal,NONE,WILDFIRE,WILDFIRE,True,45,MEDIUM,FIRE_00213
9.79062,80.15464,332.38,0.4,0.37,2026-08-24,803,N21,VIIRS,70.0,2.0NRT,298.82,2.19,D,n,0803,351.6,Synthetic_Facility_0121,lng_terminal,NONE,WILDFIRE,WILDFIRE,True,45,MEDIUM,FIRE_00214
23.66538,87.15651,332.25,0.51,0.41,2026-08-22,703,N21,VIIRS,70.0,2.0NRT,296.03,4.52,D,n,0703,131.51,Synthetic_Facility_0129,steel_mill,DISTANT,WILDFIRE,WILDFIRE,True,45,MEDIUM,FIRE_00215
29.5839,71.73937,332.23,0.42,0.38,2026-08-23,828,N21,VIIRS,70.0,2.0NRT,300.97,2.05,D,n,0828,522.67,Synthetic_Facility_0072,chemical,NONE,WILDFIRE,WILDFIRE,True,45,MEDIUM,FIRE_00216
8.40903,80.51687,332.19,0.32,0.55,2026-08-26,726,N21,VIIRS,70.0,2.0NRT,286.87,3.13,D,n,0726,506.77,Synthetic_Facility_0121,lng_terminal,NONE,WILDFIRE,WILDFIRE,True,45,MEDIUM,FIRE_00217
10.10984,77.73901,332.03,0.49,0.4,2026-08-23,822,N21,VIIRS,70.0,2.0NRT,289.06,3.0,D,n,0822,412.78,Synthetic_Facility_0121,lng_terminal,NONE,WILDFIRE,WILDFIRE,True,45,MEDIUM,FIRE_00218
10.44382,79.63159,332.01,0.39,0.36,2026-08-24,803,N21,VIIRS,70.0,2.0NRT,288.22,3.01,D,n,0803,284.52,Synthetic_Facility_0121,lng_terminal,NONE,WILDFIRE,WILDFIRE,True,45,MEDIUM,FIRE_00219
9.13551,80.32197,331.92,0.4,0.37,2026-08-24,803,N21,VIIRS,70.0,2.0NRT,298.47,2.97,D,n,0803,424.85,Synthetic_Facility_0121,lng_terminal,NONE,WILDFIRE,WILDFIRE,True,45,MEDIUM,FIRE_00220
16.113,78.21188,331.67,0.41,0.45,2026-08-23,824,N21,VIIRS,70.0,2.0NRT,288.08,3.53,D,n,0824,129.55,Synthetic_Facility_0005,chemical,DISTANT,WILDFIRE,WILDFIRE,True,45,MEDIUM,FIRE_00221
22.21023,84.86258,331.63,0.39,0.36,2026-08-26,729,N21,VIIRS,70.0,2.0NRT,293.69,3.63,D,n,0729,152.98,Synthetic_Facility_0090,mining,NONE,WILDFIRE,WILDFIRE,True,45,MEDIUM,FIRE_00222
9.00148,80.58507,331.49,0.4,0.37,2026-08-24,803,N21,VIIRS,70.0,2.0NRT,296.75,3.89,D,n,0803,442.02,Synthetic_Facility_0082,mining,NONE,WILDFIRE,WILDFIRE,True,45,MEDIUM,FIRE_00223
8.48388,80.64533,331.47,0.4,0.37,2026-08-24,803,N21,VIIRS,70.0,2.0NRT,297.38,4.1,D,n,0803,499.78,Synthetic_Facility_0082,mining,NONE,WILDFIRE,WILDFIRE,True,45,MEDIUM,FIRE_00224
9.2724,77.87881,331.47,0.33,0.55,2026-08-22,841,N21,VIIRS,70.0,2.0NRT,272.12,2.79,D,n,0841,479.39,Synthetic_Facility_0121,lng_terminal,NONE,WILDFIRE,WILDFIRE,True,45,MEDIUM,FIRE_00225
8.73368,80.96941,331.42,0.49,0.49,2026-08-23,822,N21,VIIRS,70.0,2.0NRT,293.67,3.16,D,n,0822,476.06,Synthetic_Facility_0082,mining,NONE,WILDFIRE,WILDFIRE,True,45,MEDIUM,FIRE_00226
8.33633,80.63395,331.31,0.46,0.47,2026-08-23,822,N21,VIIRS,70.0,2.0NRT,293.93,2.08,D,n,0822,516.05,Synthetic_Facility_0082,mining,NONE,WILDFIRE,WILDFIRE,True,45,MEDIUM,FIRE_00227
31.62439,72.42012,331.17,0.36,0.57,2026-08-26,731,N21,VIIRS,70.0,2.0NRT,296.93,2.94,D,n,0731,618.18,Synthetic_Facility_0028,lng_terminal,NONE,WILDFIRE,WILDFIRE,True,45,MEDIUM,FIRE_00228
8.45109,80.61867,331.16,0.46,0.47,2026-08-23,822,N21,VIIRS,70.0,2.0NRT,293.38,3.17,D,n,0822,503.21,Synthetic_Facility_0121,lng_terminal,NONE,WILDFIRE,WILDFIRE,True,45,MEDIUM,FIRE_00229
23.74491,96.1406,331.04,0.38,0.36,2026-08-23,646,N21,VIIRS,70.0,2.0NRT,291.01,2.73,D,n,0646,503.52,Synthetic_Facility_0010,chemical,NONE,WILDFIRE,WILDFIRE,True,45,MEDIUM,FIRE_00230
31.30223,75.0976,331.03,0.4,0.37,2026-08-24,809,N21,VIIRS,70.0,2.0NRT,300.39,2.69,D,n,0809,370.5,Synthetic_Facility_0028,lng_terminal,NONE,WILDFIRE,WILDFIRE,True,45,MEDIUM,FIRE_00231
15.62631,79.17872,330.99,0.59,0.53,2026-08-26,729,N21,VIIRS,70.0,2.0NRT,291.27,4.14,D,n,0729,192.68,Synthetic_Facility_0005,chemical,NONE,WILDFIRE,WILDFIRE,True,45,MEDIUM,FIRE_00232
22.21391,84.84286,330.93,0.39,0.36,2026-08-26,729,N21,VIIRS,70.0,2.0NRT,291.89,3.38,D,n,0729,154.86,Synthetic_Facility_0090,mining,NONE,WILDFIRE,WILDFIRE,True,45,MEDIUM,FIRE_00233
8.22711,80.59264,330.89,0.46,0.47,2026-08-23,822,N21,VIIRS,70.0,2.0NRT,296.43,4.76,D,n,0822,527.65,Synthetic_Facility_0121,lng_terminal,NONE,WILDFIRE,WILDFIRE,True,45,MEDIUM,FIRE_00234
29.64449,71.71342,330.87,0.44,0.62,2026-08-26,731,N21,VIIRS,70.0,2.0NRT,296.26,2.84,D,n,0731,528.74,Synthetic_Facility_0072,chemical,NONE,WILDFIRE,WILDFIRE,True,45,MEDIUM,FIRE_00235
8.62502,80.80076,330.79,0.48,0.48,2026-08-23,822,N21,VIIRS,70.0,2.0NRT,294.48,3.5,D,n,0822,485.67,Synthetic_Facility_0082,mining,NONE,WILDFIRE,WILDFIRE,True,45,MEDIUM,FIRE_00236
9.14653,80.66684,330.72,0.4,0.37,2026-08-24,803,N21,VIIRS,70.0,2.0NRT,296.95,2.43,D,n,0803,426.63,Synthetic_Facility_0082,mining,NONE,WILDFIRE,WILDFIRE,True,45,MEDIUM,FIRE_00237
8.42474,80.71674,330.69,0.47,0.48,2026-08-23,822,N21,VIIRS,70.0,2.0NRT,295.56,4.54,D,n,0822,506.93,Synthetic_Facility_0082,mining,NONE,WILDFIRE,WILDFIRE,True,45,MEDIUM,FIRE_00238
8.28601,80.23198,330.66,0.39,0.36,2026-08-24,803,N21,VIIRS,70.0,2.0NRT,293.54,3.69,D,n,0803,518.73,Synthetic_Facility_0121,lng_terminal,NONE,WILDFIRE,WILDFIRE,True,45,MEDIUM,FIRE_00239
22.21333,84.83915,330.66,0.39,0.36,2026-08-26,729,N21,VIIRS,70.0,2.0NRT,291.48,2.79,D,n,0729,155.27,Synthetic_Facility_0090,mining,NONE,WILDFIRE,WILDFIRE,True,45,MEDIUM,FIRE_00240
8.88547,80.46671,330.65,0.4,0.37,2026-08-24,803,N21,VIIRS,70.0,2.0NRT,299.19,2.57,D,n,0803,453.61,Synthetic_Facility_0121,lng_terminal,NONE,WILDFIRE,WILDFIRE,True,45,MEDIUM,FIRE_00241
9.27424,80.15481,330.55,0.33,0.55,2026-08-26,726,N21,VIIRS,70.0,2.0NRT,289.88,2.74,D,n,0726,408.92,Synthetic_Facility_0121,lng_terminal,NONE,WILDFIRE,WILDFIRE,True,45,MEDIUM,FIRE_00242
30.00757,73.11374,330.4,0.58,0.52,2026-08-22,845,N21,VIIRS,70.0,2.0NRT,298.5,4.83,D,n,0845,437.23,Synthetic_Facility_0072,chemical,NONE,WILDFIRE,WILDFIRE,True,45,MEDIUM,FIRE_00243
8.45166,80.62283,330.35,0.46,0.47,2026-08-23,822,N21,VIIRS,70.0,2.0NRT,293.07,3.17,D,n,0822,503.19,Synthetic_Facility_0082,mining,NONE,WILDFIRE,WILDFIRE,True,45,MEDIUM,FIRE_00244
30.52602,71.56512,330.17,0.45,0.47,2026-08-25,750,N21,VIIRS,70.0,2.0NRT,298.79,4.14,D,n,0750,600.55,Synthetic_Facility_0072,chemical,NONE,WILDFIRE,WILDFIRE,True,45,MEDIUM,FIRE_00245
19.36992,71.35565,330.09,0.39,0.36,2026-08-23,826,N21,VIIRS,70.0,2.0NRT,293.25,2.28,D,n,0826,157.49,Synthetic_Facility_0079,chemical,NONE,WILDFIRE,WILDFIRE,True,45,MEDIUM,FIRE_00246
29.33118,70.35696,330.0,0.54,0.68,2026-08-26,731,N21,VIIRS,70.0,2.0NRT,298.5,2.09,D,n,0731,645.39,Synthetic_Facility_0072,chemical,NONE,WILDFIRE,WILDFIRE,True,45,MEDIUM,FIRE_00247
32.1024,74.17386,329.96,0.5,0.41,2026-08-24,2034,N21,VIIRS,70.0,2.0NRT,297.56,3.82,N,n,2034,504.15,Synthetic_Facility_0028,lng_terminal,NONE,WILDFIRE,WILDFIRE,True,45,MEDIUM,FIRE_00248
8.45154,80.61895,329.76,0.49,0.65,2026-08-22,839,N21,VIIRS,70.0,2.0NRT,292.38,3.42,D,n,0839,503.17,Synthetic_Facility_0121,lng_terminal,NONE,WILDFIRE,WILDFIRE,True,45,MEDIUM,FIRE_00249
29.2845,88.90413,327.9,0.4,0.44,2026-08-23,646,N21,VIIRS,70.0,2.0NRT,295.48,3.07,D,n,0646,515.44,Synthetic_Facility_0140,steel_mill,NONE,WILDFIRE,WILDFIRE,True,45,MEDIUM,FIRE_00250
29.08442,88.01238,326.26,0.43,0.62,2026-08-24,629,N21,VIIRS,70.0,2.0NRT,296.97,3.37,D,n,0629,567.04,Synthetic_Facility_0114,lng_terminal,NONE,WILDFIRE,WILDFIRE,True,45,MEDIUM,FIRE_00251
29.29527,88.90613,325.65,0.4,0.44,2026-08-23,646,N21,VIIRS,70.0,2.0NRT,293.89,3.78,D,n,0646,516.21,Synthetic_Facility_0140,steel_mill,NONE,WILDFIRE,WILDFIRE,True,45,MEDIUM,FIRE_00252
22.37616,87.27859,325.24,0.35,0.57,2026-08-23,1913,N21,VIIRS,70.0,2.0NRT,283.28,4.3,N,n,1913,110.49,Synthetic_Facility_0133,chemical,DISTANT,WILDFIRE,WILDFIRE,True,45,MEDIUM,FIRE_00253
21.19608,81.41749,317.2,0.39,0.36,2026-08-25,2017,N21,VIIRS,70.0,2.0NRT,289.77,1.76,N,n,2017,13.44,Synthetic_Facility_0143,power_plant,NEARBY,THERMAL_SOURCE,THERMAL_SOURCE,True,45,MEDIUM,FIRE_00254
22.34343,69.87085,313.73,0.43,0.46,2026-08-24,2036,N21,VIIRS,70.0,2.0NRT,293.41,7.01,N,n,2036,292.39,Synthetic_Facility_0110,chemical,NONE,THERMAL_SOURCE,THERMAL_SOURCE,True,45,MEDIUM,FIRE_00255
21.19365,81.39023,312.39,0.39,0.36,2026-08-25,2017,N21,VIIRS,70.0,2.0NRT,290.55,1.27,N,n,2017,15.47,Synthetic_Facility_0143,power_plant,NEARBY,THERMAL_SOURCE,THERMAL_SOURCE,True,45,MEDIUM,FIRE_00256
9.13882,78.25266,338.62,0.39,0.36,2026-08-24,803,N21,VIIRS,30.0,2.0NRT,298.43,6.03,D,l,0803,472.39,Synthetic_Facility_0121,lng_terminal,NONE,WILDFIRE,WILDFIRE,True,40,MEDIUM,FIRE_00257
8.44418,77.65283,338.54,0.46,0.39,2026-08-23,822,N21,VIIRS,30.0,2.0NRT,309.99,6.03,D,l,0822,571.53,Synthetic_Facility_0121,lng_terminal,NONE,WILDFIRE,WILDFIRE,True,40,MEDIUM,FIRE_00258
8.42499,77.62149,336.79,0.46,0.39,2026-08-23,822,N21,VIIRS,30.0,2.0NRT,307.22,8.42,D,l,0822,575.08,Synthetic_Facility_0121,lng_terminal,NONE,WILDFIRE,WILDFIRE,True,40,MEDIUM,FIRE_00259
15.18392,76.6673,336.44,0.39,0.36,2026-08-24,805,N21,VIIRS,30.0,2.0NRT,295.62,5.39,D,l,0805,285.61,Synthetic_Facility_0139,chemical,NONE,WILDFIRE,WILDFIRE,True,40,MEDIUM,FIRE_00260
21.67999,84.03966,332.83,0.4,0.37,2026-08-26,729,N21,VIIRS,30.0,2.0NRT,296.61,9.21,D,l,0729,233.01,Synthetic_Facility_0128,lng_terminal,NONE,WILDFIRE,WILDFIRE,True,40,MEDIUM,FIRE_00261
17.60913,83.20387,331.24,0.47,0.4,2026-08-26,729,N21,VIIRS,30.0,2.0NRT,296.24,9.96,D,l,0729,410.24,Synthetic_Facility_0128,lng_terminal,NONE,WILDFIRE,WILDFIRE,True,40,MEDIUM,FIRE_00262
30.89061,73.20031,330.44,0.34,0.56,2026-08-26,731,N21,VIIRS,30.0,2.0NRT,304.85,7.27,D,l,0731,502.02,Synthetic_Facility_0028,lng_terminal,NONE,WILDFIRE,WILDFIRE,True,40,MEDIUM,FIRE_00263
23.71099,86.45187,316.91,0.41,0.45,2026-08-22,1932,N21,VIIRS,70.0,2.0NRT,282.31,2.74,N,n,1932,95.87,Synthetic_Facility_0116,refinery,DISTANT,THERMAL_SOURCE,THERMAL_SOURCE,True,40,MEDIUM,FIRE_00264
23.71013,86.4509,313.27,0.41,0.61,2026-08-23,1913,N21,VIIRS,70.0,2.0NRT,280.99,2.59,N,n,1913,95.74,Synthetic_Facility_0116,refinery,DISTANT,THERMAL_SOURCE,THERMAL_SOURCE,True,40,MEDIUM,FIRE_00265
22.36402,87.01662,312.78,0.36,0.58,2026-08-23,1913,N21,VIIRS,70.0,2.0NRT,278.07,2.27,N,n,1913,83.87,Synthetic_Facility_0051,power_plant,DISTANT,THERMAL_SOURCE,THERMAL_SOURCE,True,40,MEDIUM,FIRE_00266
23.73416,86.43314,310.8,0.41,0.61,2026-08-23,1913,N21,VIIRS,70.0,2.0NRT,280.59,2.99,N,n,1913,97.45,Synthetic_Facility_0116,refinery,DISTANT,THERMAL_SOURCE,THERMAL_SOURCE,True,40,MEDIUM,FIRE_00267
20.95187,86.04675,310.45,0.4,0.44,2026-08-22,1932,N21,VIIRS,70.0,2.0NRT,275.47,2.11,N,n,1932,58.57,Synthetic_Facility_0011,power_plant,DISTANT,THERMAL_SOURCE,THERMAL_SOURCE,True,40,MEDIUM,FIRE_00268
21.31093,81.59187,307.1,0.39,0.36,2026-08-25,2017,N21,VIIRS,70.0,2.0NRT,290.05,1.29,N,n,2017,0.73,Synthetic_Facility_0078,mining,NEARBY,THERMAL_SOURCE,THERMAL_SOURCE,True,40,MEDIUM,FIRE_00269
18.57661,72.23722,304.93,0.55,0.51,2026-08-25,2017,N21,VIIRS,70.0,2.0NRT,291.09,7.67,N,n,2017,70.1,Synthetic_Facility_0131,lng_terminal,DISTANT,THERMAL_SOURCE,THERMAL_SOURCE,True,40,MEDIUM,FIRE_00270
21.24484,81.76915,304.63,0.4,0.37,2026-08-25,2017,N21,VIIRS,70.0,2.0NRT,289.61,1.21,N,n,2017,3.85,Synthetic_Facility_0039,steel_mill,NEARBY,THERMAL_SOURCE,THERMAL_SOURCE,True,40,MEDIUM,FIRE_00271
22.79196,86.20944,304.11,0.41,0.45,2026-08-22,1932,N21,VIIRS,70.0,2.0NRT,279.24,1.56,N,n,1932,5.95,Synthetic_Facility_0025,chemical,NEARBY,THERMAL_SOURCE,THERMAL_SOURCE,True,40,MEDIUM,FIRE_00272
22.79656,86.20597,303.93,0.41,0.45,2026-08-22,1932,N21,VIIRS,70.0,2.0NRT,278.65,1.51,N,n,1932,6.38,Synthetic_Facility_0025,chemical,NEARBY,THERMAL_SOURCE,THERMAL_SOURCE,True,40,MEDIUM,FIRE_00273
22.79764,86.09138,299.01,0.42,0.45,2026-08-22,1932,N21,VIIRS,70.0,2.0NRT,274.78,1.16,N,n,1932,5.06,Synthetic_Facility_0012,lng_terminal,NEARBY,UNKNOWN,UNKNOWN,True,40,MEDIUM,FIRE_00274
9.28461,77.43481,335.92,0.46,0.39,2026-08-23,822,N21,VIIRS,70.0,2.0NRT,303.08,1.94,D,n,0822,505.73,Synthetic_Facility_0121,lng_terminal,NONE,WILDFIRE,WILDFIRE,True,35,LOW,FIRE_00275
9.18167,78.42713,335.64,0.36,0.57,2026-08-22,839,N21,VIIRS,70.0,2.0NRT,295.68,1.39,D,n,0839,459.83,Synthetic_Facility_0121,lng_terminal,NONE,WILDFIRE,WILDFIRE,True,35,LOW,FIRE_00276
33.26753,71.30682,333.29,0.38,0.59,2026-08-26,731,N21,VIIRS,70.0,2.0NRT,296.65,1.67,D,n,0731,824.71,Synthetic_Facility_0028,lng_terminal,NONE,WILDFIRE,WILDFIRE,True,35,LOW,FIRE_00277
30.69473,74.03057,333.1,0.38,0.36,2026-08-24,809,N21,VIIRS,70.0,2.0NRT,301.78,0.84,D,n,0809,412.01,Synthetic_Facility_0028,lng_terminal,NONE,WILDFIRE,WILDFIRE,True,35,LOW,FIRE_00278
11.7447,79.05466,333.07,0.35,0.57,2026-08-26,726,N21,VIIRS,70.0,2.0NRT,295.21,1.51,D,n,0726,179.96,Synthetic_Facility_0121,lng_terminal,NONE,WILDFIRE,WILDFIRE,True,35,LOW,FIRE_00279
9.23741,80.32394,332.77,0.32,0.55,2026-08-26,726,N21,VIIRS,70.0,2.0NRT,290.25,1.76,D,n,0726,413.56,Synthetic_Facility_0121,lng_terminal,NONE,WILDFIRE,WILDFIRE,True,35,LOW,FIRE_00280
31.6122,72.50623,331.82,0.36,0.57,2026-08-26,731,N21,VIIRS,70.0,2.0NRT,297.45,1.45,D,n,0731,609.39,Synthetic_Facility_0028,lng_terminal,NONE,WILDFIRE,WILDFIRE,True,35,LOW,FIRE_00281
15.14153,76.96049,331.71,0.41,0.45,2026-08-25,746,N21,VIIRS,70.0,2.0NRT,289.56,1.82,D,n,0746,286.34,Synthetic_Facility_0122,cement,NONE,WILDFIRE,WILDFIRE,True,35,LOW,FIRE_00282
8.4878,80.74082,331.49,0.4,0.37,2026-08-24,803,N21,VIIRS,70.0,2.0NRT,295.96,1.6,D,n,0803,500.18,Synthetic_Facility_0082,mining,NONE,WILDFIRE,WILDFIRE,True,35,LOW,FIRE_00283
26.0687,68.60545,330.46,0.44,0.46,2026-08-24,807,N21,VIIRS,70.0,2.0NRT,300.41,1.42,D,n,0807,542.06,Synthetic_Facility_0032,power_plant,NONE,WILDFIRE,WILDFIRE,True,35,LOW,FIRE_00284
23.8035,86.32822,322.66,0.42,0.45,2026-08-22,1932,N21,VIIRS,70.0,2.0NRT,283.66,2.73,N,n,1932,101.25,Synthetic_Facility_0116,refinery,DISTANT,THERMAL_SOURCE,THERMAL_SOURCE,True,35,LOW,FIRE_00285
23.77721,86.38763,321.98,0.41,0.45,2026-08-22,1932,N21,VIIRS,70.0,2.0NRT,283.63,2.26,N,n,1932,100.24,Synthetic_Facility_0116,refinery,DISTANT,THERMAL_SOURCE,THERMAL_SOURCE,True,35,LOW,FIRE_00286
23.79657,86.35204,321.86,0.42,0.45,2026-08-22,1932,N21,VIIRS,70.0,2.0NRT,283.16,4.0,N,n,1932,101.17,Synthetic_Facility_0116,refinery,DISTANT,THERMAL_SOURCE,THERMAL_SOURCE,True,35,LOW,FIRE_00287
23.77953,86.39101,321.81,0.41,0.45,2026-08-22,1932,N21,VIIRS,70.0,2.0NRT,283.06,2.34,N,n,1932,100.6,Synthetic_Facility_0116,refinery,DISTANT,THERMAL_SOURCE,THERMAL_SOURCE,True,35,LOW,FIRE_00288
21.1023,72.63681,321.2,0.46,0.47,2026-08-22,2114,N21,VIIRS,70.0,2.0NRT,289.79,3.0,N,n,2114,197.3,Synthetic_Facility_0071,chemical,NONE,THERMAL_SOURCE,THERMAL_SOURCE,True,35,LOW,FIRE_00289
15.17676,76.65635,320.65,0.43,0.38,2026-08-25,2017,N21,VIIRS,70.0,2.0NRT,291.17,2.56,N,n,2017,284.45,Synthetic_Facility_0139,chemical,NONE,THERMAL_SOURCE,THERMAL_SOURCE,True,35,LOW,FIRE_00290
32.88802,71.61494,320.14,0.42,0.37,2026-08-23,2053,N21,VIIRS,70.0,2.0NRT,298.75,3.75,N,n,2053,771.84,Synthetic_Facility_0028,lng_terminal,NONE,THERMAL_SOURCE,THERMAL_SOURCE,True,35,LOW,FIRE_00291
15.18253,76.66524,319.43,0.43,0.38,2026-08-25,2017,N21,VIIRS,70.0,2.0NRT,286.59,2.35,N,n,2017,285.39,Synthetic_Facility_0139,chemical,NONE,THERMAL_SOURCE,THERMAL_SOURCE,True,35,LOW,FIRE_00292
22.37958,87.27782,319.11,0.45,0.63,2026-08-24,2034,N21,VIIRS,70.0,2.0NRT,288.07,3.83,N,n,2034,110.44,Synthetic_Facility_0133,chemical,DISTANT,THERMAL_SOURCE,THERMAL_SOURCE,True,35,LOW,FIRE_00293
23.80397,86.32408,318.77,0.42,0.45,2026-08-22,1932,N21,VIIRS,70.0,2.0NRT,283.04,2.73,N,n,1932,101.19,Synthetic_Facility_0116,refinery,DISTANT,THERMAL_SOURCE,THERMAL_SOURCE,True,35,LOW,FIRE_00294
19.93503,73.71155,317.95,0.4,0.37,2026-08-24,2036,N21,VIIRS,70.0,2.0NRT,290.33,2.2,N,n,2036,118.5,Synthetic_Facility_0001,power_plant,DISTANT,THERMAL_SOURCE,THERMAL_SOURCE,True,35,LOW,FIRE_00295
15.17156,76.69174,316.27,0.42,0.38,2026-08-25,2017,N21,VIIRS,70.0,2.0NRT,291.73,2.76,N,n,2017,288.41,Synthetic_Facility_0139,chemical,NONE,THERMAL_SOURCE,THERMAL_SOURCE,True,35,LOW,FIRE_00296
22.33969,69.86611,315.85,0.43,0.46,2026-08-24,2036,N21,VIIRS,70.0,2.0NRT,294.07,2.69,N,n,2036,292.99,Synthetic_Facility_0110,chemical,NONE,THERMAL_SOURCE,THERMAL_SOURCE,True,35,LOW,FIRE_00297
22.37859,87.28209,315.76,0.45,0.63,2026-08-24,2034,N21,VIIRS,70.0,2.0NRT,288.26,3.83,N,n,2034,110.03,Synthetic_Facility_0133,chemical,DISTANT,THERMAL_SOURCE,THERMAL_SOURCE,True,35,LOW,FIRE_00298
24.11378,86.86015,315.62,0.39,0.44,2026-08-22,1932,N21,VIIRS,70.0,2.0NRT,282.24,2.06,N,n,1932,156.55,Synthetic_Facility_0129,steel_mill,NONE,THERMAL_SOURCE,THERMAL_SOURCE,True,35,LOW,FIRE_00299
23.80303,86.33231,315.43,0.42,0.45,2026-08-22,1932,N21,VIIRS,70.0,2.0NRT,283.14,2.69,N,n,1932,101.31,Synthetic_Facility_0116,refinery,DISTANT,THERMAL_SOURCE,THERMAL_SOURCE,True,35,LOW,FIRE_00300
23.56032,87.24065,314.83,0.36,0.58,2026-08-23,1913,N21,VIIRS,70.0,2.0NRT,279.56,2.5,N,n,1913,130.21,Synthetic_Facility_0129,steel_mill,DISTANT,THERMAL_SOURCE,THERMAL_SOURCE,True,35,LOW,FIRE_00301
22.37771,87.28072,313.4,0.71,0.75,2026-08-24,1853,N21,VIIRS,70.0,2.0NRT,284.51,4.8,N,n,1853,110.21,Synthetic_Facility_0133,chemical,DISTANT,THERMAL_SOURCE,THERMAL_SOURCE,True,35,LOW,FIRE_00302
22.37762,87.28032,313.01,0.71,0.75,2026-08-24,1853,N21,VIIRS,70.0,2.0NRT,284.39,3.57,N,n,1853,110.25,Synthetic_Facility_0133,chemical,DISTANT,THERMAL_SOURCE,THERMAL_SOURCE,True,35,LOW,FIRE_00303
32.8867,71.61721,312.19,0.46,0.47,2026-08-24,2032,N21,VIIRS,70.0,2.0NRT,298.49,3.9,N,n,2032,771.55,Synthetic_Facility_0028,lng_terminal,NONE,THERMAL_SOURCE,THERMAL_SOURCE,True,35,LOW,FIRE_00304
32.57402,72.56029,312.11,0.4,0.37,2026-08-23,2053,N21,VIIRS,70.0,2.0NRT,295.99,2.26,N,n,2053,668.34,Synthetic_Facility_0028,lng_terminal,NONE,THERMAL_SOURCE,THERMAL_SOURCE,True,35,LOW,FIRE_00305
32.88852,71.61688,312.05,0.44,0.62,2026-08-25,2014,N21,VIIRS,70.0,2.0NRT,295.76,3.6,N,n,2014,771.7,Synthetic_Facility_0028,lng_terminal,NONE,THERMAL_SOURCE,THERMAL_SOURCE,True,35,LOW,FIRE_00306
15.17734,76.65241,311.91,0.43,0.38,2026-08-25,2017,N21,VIIRS,70.0,2.0NRT,290.79,3.24,N,n,2017,284.01,Synthetic_Facility_0139,chemical,NONE,THERMAL_SOURCE,THERMAL_SOURCE,True,35,LOW,FIRE_00307
15.17503,76.69223,311.77,0.42,0.38,2026-08-25,2017,N21,VIIRS,70.0,2.0NRT,290.27,2.07,N,n,2017,288.44,Synthetic_Facility_0139,chemical,NONE,THERMAL_SOURCE,THERMAL_SOURCE,True,35,LOW,FIRE_00308
32.57434,72.55949,311.64,0.4,0.45,2026-08-24,2032,N21,VIIRS,70.0,2.0NRT,298.82,3.98,N,n,2032,668.43,Synthetic_Facility_0028,lng_terminal,NONE,THERMAL_SOURCE,THERMAL_SOURCE,True,35,LOW,FIRE_00309
25.38647,68.58344,310.7,0.57,0.52,2026-08-24,2034,N21,VIIRS,70.0,2.0NRT,293.4,2.58,N,n,2034,502.8,Synthetic_Facility_0032,power_plant,NONE,THERMAL_SOURCE,THERMAL_SOURCE,True,35,LOW,FIRE_00310
32.88705,71.61514,310.57,0.44,0.62,2026-08-25,2014,N21,VIIRS,70.0,2.0NRT,295.7,3.47,N,n,2014,771.75,Synthetic_Facility_0028,lng_terminal,NONE,THERMAL_SOURCE,THERMAL_SOURCE,True,35,LOW,FIRE_00311
29.12311,75.77846,310.56,0.43,0.38,2026-08-23,2053,N21,VIIRS,70.0,2.0NRT,291.34,2.22,N,n,2053,158.99,Synthetic_Facility_0028,lng_terminal,NONE,THERMAL_SOURCE,THERMAL_SOURCE,True,35,LOW,FIRE_00312
21.43299,72.97752,310.47,0.47,0.48,2026-08-22,2114,N21,VIIRS,70.0,2.0NRT,291.75,2.15,N,n,2114,163.87,Synthetic_Facility_0071,chemical,NONE,THERMAL_SOURCE,THERMAL_SOURCE,True,35,LOW,FIRE_00313
21.10649,72.64909,309.21,0.45,0.39,2026-08-24,2036,N21,VIIRS,70.0,2.0NRT,287.92,5.21,N,n,2036,196.8,Synthetic_Facility_0071,chemical,NONE,THERMAL_SOURCE,THERMAL_SOURCE,True,35,LOW,FIRE_00314
21.18432,81.38468,308.6,0.39,0.36,2026-08-25,2017,N21,VIIRS,70.0,2.0NRT,290.35,1.61,N,n,2017,15.36,Synthetic_Facility_0143,power_plant,NEARBY,THERMAL_SOURCE,THERMAL_SOURCE,True,35,LOW,FIRE_00315
19.04779,73.11804,307.42,0.44,0.38,2026-08-23,2055,N21,VIIRS,70.0,2.0NRT,292.09,1.71,N,n,2055,14.2,Synthetic_Facility_0105,lng_terminal,NEARBY,THERMAL_SOURCE,THERMAL_SOURCE,True,35,LOW,FIRE_00316
21.36512,81.67917,306.52,0.39,0.36,2026-08-25,2017,N21,VIIRS,70.0,2.0NRT,289.6,1.98,N,n,2017,11.09,Synthetic_Facility_0078,mining,NEARBY,THERMAL_SOURCE,THERMAL_SOURCE,True,35,LOW,FIRE_00317
21.19034,81.38962,306.42,0.39,0.36,2026-08-25,2017,N21,VIIRS,70.0,2.0NRT,289.59,1.27,N,n,2017,15.3,Synthetic_Facility_0143,power_plant,NEARBY,THERMAL_SOURCE,THERMAL_SOURCE,True,35,LOW,FIRE_00318
21.10295,72.64854,306.06,0.45,0.39,2026-08-24,2036,N21,VIIRS,70.0,2.0NRT,287.19,5.21,N,n,2036,197.2,Synthetic_Facility_0071,chemical,NONE,THERMAL_SOURCE,THERMAL_SOURCE,True,35,LOW,FIRE_00319
19.04974,73.11978,305.42,0.44,0.38,2026-08-23,2055,N21,VIIRS,70.0,2.0NRT,292.19,1.5,N,n,2055,14.49,Synthetic_Facility_0105,lng_terminal,NEARBY,THERMAL_SOURCE,THERMAL_SOURCE,True,35,LOW,FIRE_00320
21.1006,72.63942,303.78,0.45,0.39,2026-08-24,2036,N21,VIIRS,70.0,2.0NRT,284.69,6.84,N,n,2036,197.48,Synthetic_Facility_0071,chemical,NONE,THERMAL_SOURCE,THERMAL_SOURCE,True,35,LOW,FIRE_00321
32.88796,71.61653,336.06,0.4,0.37,2026-08-24,809,N21,VIIRS,30.0,2.0NRT,308.65,4.63,D,l,0809,771.69,Synthetic_Facility_0028,lng_terminal,NONE,WILDFIRE,WILDFIRE,True,30,LOW,FIRE_00322
33.2961,71.18419,333.97,0.42,0.45,2026-08-25,752,N21,VIIRS,30.0,2.0NRT,308.36,3.1,D,l,0752,837.37,Synthetic_Facility_0028,lng_terminal,NONE,WILDFIRE,WILDFIRE,True,30,LOW,FIRE_00323
32.57622,72.56223,333.75,0.39,0.36,2026-08-24,809,N21,VIIRS,30.0,2.0NRT,306.63,3.03,D,l,0809,668.33,Synthetic_Facility_0028,lng_terminal,NONE,WILDFIRE,WILDFIRE,True,30,LOW,FIRE_00324
26.0946,68.87896,333.28,0.46,0.39,2026-08-22,845,N21,VIIRS,30.0,2.0NRT,304.26,3.77,D,l,0845,519.78,Synthetic_Facility_0032,power_plant,NONE,WILDFIRE,WILDFIRE,True,30,LOW,FIRE_00325
9.04358,78.21024,332.46,0.39,0.36,2026-08-24,803,N21,VIIRS,30.0,2.0NRT,295.91,3.33,D,l,0803,483.95,Synthetic_Facility_0121,lng_terminal,NONE,WILDFIRE,WILDFIRE,True,30,LOW,FIRE_00326
32.57521,72.5605,330.78,0.55,0.43,2026-08-25,752,N21,VIIRS,30.0,2.0NRT,305.31,4.29,D,l,0752,668.41,Synthetic_Facility_0028,lng_terminal,NONE,WILDFIRE,WILDFIRE,True,30,LOW,FIRE_00327
33.5894,70.22384,330.35,0.44,0.46,2026-08-22,848,N21,VIIRS,30.0,2.0NRT,304.14,2.27,D,l,0848,942.29,Synthetic_Facility_0028,lng_terminal,NONE,WILDFIRE,WILDFIRE,True,30,LOW,FIRE_00328
26.07884,68.40137,330.08,0.44,0.38,2026-08-22,845,N21,VIIRS,30.0,2.0NRT,300.9,2.21,D,l,0845,561.07,Synthetic_Facility_0032,power_plant,NONE,WILDFIRE,WILDFIRE,True,30,LOW,FIRE_00329
21.67331,84.0409,329.78,0.4,0.37,2026-08-26,729,N21,VIIRS,30.0,2.0NRT,295.02,4.73,D,l,0729,232.44,Synthetic_Facility_0128,lng_terminal,NONE,WILDFIRE,WILDFIRE,True,30,LOW,FIRE_00330
20.96878,86.01003,321.97,0.4,0.44,2026-08-22,1932,N21,VIIRS,70.0,2.0NRT,275.97,1.48,N,n,1932,59.8,Synthetic_Facility_0011,power_plant,DISTANT,THERMAL_SOURCE,THERMAL_SOURCE,True,30,LOW,FIRE_00331
23.73801,86.43526,321.21,0.41,0.45,2026-08-22,1932,N21,VIIRS,70.0,2.0NRT,282.21,1.76,N,n,1932,97.93,Synthetic_Facility_0116,refinery,DISTANT,THERMAL_SOURCE,THERMAL_SOURCE,True,30,LOW,FIRE_00332
23.76703,86.40255,317.39,0.41,0.45,2026-08-22,1932,N21,VIIRS,70.0,2.0NRT,283.71,1.81,N,n,1932,99.69,Synthetic_Facility_0116,refinery,DISTANT,THERMAL_SOURCE,THERMAL_SOURCE,True,30,LOW,FIRE_00333
23.76291,86.40199,314.31,0.41,0.45,2026-08-22,1932,N21,VIIRS,70.0,2.0NRT,283.6,1.81,N,n,1932,99.24,Synthetic_Facility_0116,refinery,DISTANT,THERMAL_SOURCE,THERMAL_SOURCE,True,30,LOW,FIRE_00334
23.76654,86.40663,314.25,0.41,0.45,2026-08-22,1932,N21,VIIRS,70.0,2.0NRT,283.42,1.81,N,n,1932,99.79,Synthetic_Facility_0116,refinery,DISTANT,THERMAL_SOURCE,THERMAL_SOURCE,True,30,LOW,FIRE_00335
23.67658,86.39794,313.83,0.41,0.45,2026-08-22,1932,N21,VIIRS,70.0,2.0NRT,277.05,1.76,N,n,1932,90.08,Synthetic_Facility_0116,refinery,DISTANT,THERMAL_SOURCE,THERMAL_SOURCE,True,30,LOW,FIRE_00336
23.75422,85.85241,313.16,0.45,0.47,2026-08-22,1932,N21,VIIRS,70.0,2.0NRT,283.22,1.81,N,n,1932,97.14,Synthetic_Facility_0116,refinery,DISTANT,THERMAL_SOURCE,THERMAL_SOURCE,True,30,LOW,FIRE_00337
23.68417,86.39498,313.06,0.41,0.45,2026-08-22,1932,N21,VIIRS,70.0,2.0NRT,280.8,1.83,N,n,1932,90.75,Synthetic_Facility_0116,refinery,DISTANT,THERMAL_SOURCE,THERMAL_SOURCE,True,30,LOW,FIRE_00338
23.75879,86.40139,311.84,0.41,0.45,2026-08-22,1932,N21,VIIRS,70.0,2.0NRT,283.66,1.76,N,n,1932,98.79,Synthetic_Facility_0116,refinery,DISTANT,THERMAL_SOURCE,THERMAL_SOURCE,True,30,LOW,FIRE_00339
23.76242,86.40607,310.94,0.41,0.45,2026-08-22,1932,N21,VIIRS,70.0,2.0NRT,283.46,1.81,N,n,1932,99.34,Synthetic_Facility_0116,refinery,DISTANT,THERMAL_SOURCE,THERMAL_SOURCE,True,30,LOW,FIRE_00340
22.3645,87.0169,310.71,0.36,0.58,2026-08-23,1913,N21,VIIRS,70.0,2.0NRT,278.18,1.1,N,n,1913,83.88,Synthetic_Facility_0051,power_plant,DISTANT,THERMAL_SOURCE,THERMAL_SOURCE,True,30,LOW,FIRE_00341
23.67522,86.39812,310.65,0.41,0.61,2026-08-23,1913,N21,VIIRS,70.0,2.0NRT,282.19,1.89,N,n,1913,89.94,Synthetic_Facility_0116,refinery,DISTANT,THERMAL_SOURCE,THERMAL_SOURCE,True,30,LOW,FIRE_00342
23.75273,86.41698,310.47,0.41,0.45,2026-08-22,1932,N21,VIIRS,70.0,2.0NRT,282.96,1.62,N,n,1932,98.74,Synthetic_Facility_0116,refinery,DISTANT,THERMAL_SOURCE,THERMAL_SOURCE,True,30,LOW,FIRE_00343
23.67548,86.39777,310.03,0.41,0.45,2026-08-22,1932,N21,VIIRS,70.0,2.0NRT,277.49,1.28,N,n,1932,89.96,Synthetic_Facility_0116,refinery,DISTANT,THERMAL_SOURCE,THERMAL_SOURCE,True,30,LOW,FIRE_00344
23.71429,86.42374,308.97,0.41,0.45,2026-08-22,1932,N21,VIIRS,70.0,2.0NRT,282.45,2.23,N,n,1932,95.02,Synthetic_Facility_0116,refinery,DISTANT,THERMAL_SOURCE,THERMAL_SOURCE,True,30,LOW,FIRE_00345
21.19039,81.19882,308.46,0.39,0.36,2026-08-25,2017,N21,VIIRS,70.0,2.0NRT,290.78,1.32,N,n,2017,34.62,Synthetic_Facility_0143,power_plant,NEARBY,THERMAL_SOURCE,THERMAL_SOURCE,True,30,LOW,FIRE_00346
23.76388,86.39387,307.45,0.41,0.45,2026-08-22,1932,N21,VIIRS,70.0,2.0NRT,284.08,3.06,N,n,1932,99.05,Synthetic_Facility_0116,refinery,DISTANT,THERMAL_SOURCE,THERMAL_SOURCE,True,30,LOW,FIRE_00347
23.75516,86.39672,306.59,0.41,0.45,2026-08-22,1932,N21,VIIRS,70.0,2.0NRT,283.74,2.24,N,n,1932,98.24,Synthetic_Facility_0116,refinery,DISTANT,THERMAL_SOURCE,THERMAL_SOURCE,True,30,LOW,FIRE_00348
28.70671,76.85614,306.17,0.39,0.44,2026-08-25,2014,N21,VIIRS,70.0,2.0NRT,283.28,1.35,N,n,2014,31.2,Synthetic_Facility_0028,lng_terminal,NEARBY,THERMAL_SOURCE,THERMAL_SOURCE,True,30,LOW,FIRE_00349
23.71651,86.44041,305.07,0.41,0.45,2026-08-22,1932,N21,VIIRS,70.0,2.0NRT,281.79,2.13,N,n,1932,95.94,Synthetic_Facility_0116,refinery,DISTANT,THERMAL_SOURCE,THERMAL_SOURCE,True,30,LOW,FIRE_00350
22.36615,87.01677,304.84,0.44,0.62,2026-08-24,2034,N21,VIIRS,70.0,2.0NRT,285.86,2.41,N,n,2034,83.79,Synthetic_Facility_0051,power_plant,DISTANT,THERMAL_SOURCE,THERMAL_SOURCE,True,30,LOW,FIRE_00351
22.57158,85.89577,304.16,0.43,0.46,2026-08-22,1932,N21,VIIRS,70.0,2.0NRT,280.21,1.74,N,n,1932,32.1,Synthetic_Facility_0090,mining,NEARBY,THERMAL_SOURCE,THERMAL_SOURCE,True,30,LOW,FIRE_00352
23.40824,72.41575,303.37,0.4,0.44,2026-08-22,2114,N21,VIIRS,70.0,2.0NRT,292.03,0.72,N,n,2114,30.17,Synthetic_Facility_0032,power_plant,NEARBY,THERMAL_SOURCE,THERMAL_SOURCE,True,30,LOW,FIRE_00353
23.67958,86.39573,302.14,0.74,0.76,2026-08-23,2055,N21,VIIRS,70.0,2.0NRT,272.16,4.46,N,n,2055,90.3,Synthetic_Facility_0116,refinery,DISTANT,THERMAL_SOURCE,THERMAL_SOURCE,True,30,LOW,FIRE_00354
23.68246,86.39201,301.55,0.41,0.61,2026-08-23,1913,N21,VIIRS,70.0,2.0NRT,280.19,2.7,N,n,1913,90.46,Synthetic_Facility_0116,refinery,DISTANT,THERMAL_SOURCE,THERMAL_SOURCE,True,30,LOW,FIRE_00355
23.76476,86.40518,301.18,0.74,0.76,2026-08-23,2055,N21,VIIRS,70.0,2.0NRT,267.33,2.22,N,n,2055,99.55,Synthetic_Facility_0116,refinery,DISTANT,THERMAL_SOURCE,THERMAL_SOURCE,True,30,LOW,FIRE_00356
23.76575,86.40074,300.08,0.74,0.76,2026-08-23,2055,N21,VIIRS,70.0,2.0NRT,268.31,2.42,N,n,2055,99.5,Synthetic_Facility_0116,refinery,DISTANT,THERMAL_SOURCE,THERMAL_SOURCE,True,30,LOW,FIRE_00357
23.75898,86.39871,299.33,0.74,0.76,2026-08-23,2055,N21,VIIRS,70.0,2.0NRT,268.99,2.42,N,n,2055,98.71,Synthetic_Facility_0116,refinery,DISTANT,THERMAL_SOURCE,THERMAL_SOURCE,True,30,LOW,FIRE_00358
15.65657,73.98945,298.34,0.39,0.44,2026-08-25,2017,N21,VIIRS,70.0,2.0NRT,286.54,1.7,N,n,2017,27.74,Synthetic_Facility_0074,lng_terminal,NEARBY,UNKNOWN,UNKNOWN,True,30,LOW,FIRE_00359
22.58739,85.90622,295.89,0.43,0.46,2026-08-22,1932,N21,VIIRS,70.0,2.0NRT,270.98,0.5,N,n,1932,30.2,Synthetic_Facility_0090,mining,NEARBY,UNKNOWN,UNKNOWN,True,30,LOW,FIRE_00360
19.82038,79.23856,322.73,0.39,0.36,2026-08-25,2019,N21,VIIRS,70.0,2.0NRT,286.31,1.6,N,n,2019,129.91,Synthetic_Facility_0021,steel_mill,DISTANT,THERMAL_SOURCE,THERMAL_SOURCE,True,25,LOW,FIRE_00361
28.42401,69.70156,316.01,0.44,0.39,2026-08-23,2053,N21,VIIRS,70.0,2.0NRT,295.42,1.74,N,n,2053,663.15,Synthetic_Facility_0032,power_plant,NONE,THERMAL_SOURCE,THERMAL_SOURCE,True,25,LOW,FIRE_00362
24.81994,73.09312,315.29,0.39,0.36,2026-08-23,2053,N21,VIIRS,70.0,2.0NRT,294.73,1.72,N,n,2053,194.5,Synthetic_Facility_0032,power_plant,NONE,THERMAL_SOURCE,THERMAL_SOURCE,True,25,LOW,FIRE_00363
18.80414,74.25832,314.73,0.41,0.45,2026-08-25,2017,N21,VIIRS,70.0,2.0NRT,290.13,1.88,N,n,2017,138.82,Synthetic_Facility_0105,lng_terminal,DISTANT,THERMAL_SOURCE,THERMAL_SOURCE,True,25,LOW,FIRE_00364
21.1083,72.63621,314.67,0.45,0.39,2026-08-24,2036,N21,VIIRS,70.0,2.0NRT,287.72,1.32,N,n,2036,196.63,Synthetic_Facility_0071,chemical,NONE,THERMAL_SOURCE,THERMAL_SOURCE,True,25,LOW,FIRE_00365
23.77752,86.38899,314.19,0.41,0.61,2026-08-23,1913,N21,VIIRS,70.0,2.0NRT,281.5,1.9,N,n,1913,100.32,Synthetic_Facility_0116,refinery,DISTANT,THERMAL_SOURCE,THERMAL_SOURCE,True,25,LOW,FIRE_00366
33.29709,71.18703,313.84,0.49,0.49,2026-08-24,2032,N21,VIIRS,70.0,2.0NRT,297.08,1.16,N,n,2032,837.19,Synthetic_Facility_0028,lng_terminal,NONE,THERMAL_SOURCE,THERMAL_SOURCE,True,25,LOW,FIRE_00367
23.78085,86.39223,312.07,0.41,0.45,2026-08-22,1932,N21,VIIRS,70.0,2.0NRT,283.04,1.36,N,n,1932,100.78,Synthetic_Facility_0116,refinery,DISTANT,THERMAL_SOURCE,THERMAL_SOURCE,True,25,LOW,FIRE_00368
33.27805,71.33513,311.88,0.43,0.38,2026-08-23,2053,N21,VIIRS,70.0,2.0NRT,295.89,1.2,N,n,2053,822.97,Synthetic_Facility_0028,lng_terminal,NONE,THERMAL_SOURCE,THERMAL_SOURCE,True,25,LOW,FIRE_00369
25.38893,68.58054,311.86,0.57,0.69,2026-08-25,2017,N21,VIIRS,70.0,2.0NRT,293.19,1.79,N,n,2017,503.22,Synthetic_Facility_0032,power_plant,NONE,THERMAL_SOURCE,THERMAL_SOURCE,True,25,LOW,FIRE_00370
21.10475,72.63566,311.84,0.45,0.39,2026-08-24,2036,N21,VIIRS,70.0,2.0NRT,286.77,1.32,N,n,2036,197.03,Synthetic_Facility_0071,chemical,NONE,THERMAL_SOURCE,THERMAL_SOURCE,True,25,LOW,FIRE_00371
23.55503,87.2401,311.8,0.36,0.58,2026-08-23,1913,N21,VIIRS,70.0,2.0NRT,278.82,1.65,N,n,1913,129.78,Synthetic_Facility_0129,steel_mill,DISTANT,THERMAL_SOURCE,THERMAL_SOURCE,True,25,LOW,FIRE_00372
33.68779,72.71127,311.57,0.4,0.37,2026-08-23,2053,N21,VIIRS,70.0,2.0NRT,295.83,1.62,N,n,2053,743.47,Synthetic_Facility_0028,lng_terminal,NONE,THERMAL_SOURCE,THERMAL_SOURCE,True,25,LOW,FIRE_00373
24.93355,74.63254,311.44,0.43,0.38,2026-08-23,2055,N21,VIIRS,70.0,2.0NRT,291.35,1.37,N,n,2055,241.12,Synthetic_Facility_0059,mining,NONE,THERMAL_SOURCE,THERMAL_SOURCE,True,25,LOW,FIRE_00374
22.35787,82.30326,311.19,0.4,0.37,2026-08-25,2017,N21,VIIRS,70.0,2.0NRT,264.88,1.31,N,n,2017,135.38,Synthetic_Facility_0026,refinery,DISTANT,THERMAL_SOURCE,THERMAL_SOURCE,True,25,LOW,FIRE_00375
21.10324,72.63761,310.96,0.4,0.37,2026-08-23,2055,N21,VIIRS,70.0,2.0NRT,291.45,1.31,N,n,2055,197.19,Synthetic_Facility_0071,chemical,NONE,THERMAL_SOURCE,THERMAL_SOURCE,True,25,LOW,FIRE_00376
26.75887,83.20107,310.96,0.4,0.37,2026-08-25,2017,N21,VIIRS,70.0,2.0NRT,289.53,1.19,N,n,2017,534.82,Synthetic_Facility_0116,refinery,NONE,THERMAL_SOURCE,THERMAL_SOURCE,True,25,LOW,FIRE_00377
28.42371,69.6984,310.52,0.4,0.37,2026-08-22,2112,N21,VIIRS,70.0,2.0NRT,296.41,1.09,N,n,2112,663.29,Synthetic_Facility_0032,power_plant,NONE,THERMAL_SOURCE,THERMAL_SOURCE,True,25,LOW,FIRE_00378
26.25788,74.09489,310.07,0.41,0.37,2026-08-23,2055,N21,VIIRS,70.0,2.0NRT,292.99,1.23,N,n,2055,187.48,Synthetic_Facility_0111,mining,NONE,THERMAL_SOURCE,THERMAL_SOURCE,True,25,LOW,FIRE_00379
17.95747,80.7872,309.77,0.39,0.36,2026-08-25,2019,N21,VIIRS,70.0,2.0NRT,291.44,3.33,N,n,2019,253.87,Synthetic_Facility_0109,mining,NONE,THERMAL_SOURCE,THERMAL_SOURCE,True,25,LOW,FIRE_00380
21.10596,72.6421,309.75,0.4,0.37,2026-08-23,2055,N21,VIIRS,70.0,2.0NRT,292.21,3.85,N,n,2055,196.88,Synthetic_Facility_0071,chemical,NONE,THERMAL_SOURCE,THERMAL_SOURCE,True,25,LOW,FIRE_00381
22.33921,69.8703,309.15,0.43,0.46,2026-08-24,2036,N21,VIIRS,70.0,2.0NRT,293.54,2.69,N,n,2036,292.54,Synthetic_Facility_0110,chemical,NONE,THERMAL_SOURCE,THERMAL_SOURCE,True,25,LOW,FIRE_00382
32.57328,72.56335,308.28,0.38,0.59,2026-08-25,2014,N21,VIIRS,70.0,2.0NRT,297.18,3.72,N,n,2014,668.03,Synthetic_Facility_0028,lng_terminal,NONE,THERMAL_SOURCE,THERMAL_SOURCE,True,25,LOW,FIRE_00383
15.1733,76.65583,308.24,0.43,0.38,2026-08-25,2017,N21,VIIRS,70.0,2.0NRT,290.83,2.56,N,n,2017,284.42,Synthetic_Facility_0139,chemical,NONE,THERMAL_SOURCE,THERMAL_SOURCE,True,25,LOW,FIRE_00384
22.3673,87.3,308.18,0.46,0.63,2026-08-24,2034,N21,VIIRS,70.0,2.0NRT,288.31,2.55,N,n,2034,108.57,Synthetic_Facility_0133,chemical,DISTANT,THERMAL_SOURCE,THERMAL_SOURCE,True,25,LOW,FIRE_00385
22.3444,69.86245,308.11,0.44,0.46,2026-08-24,2036,N21,VIIRS,70.0,2.0NRT,293.06,2.37,N,n,2036,293.28,Synthetic_Facility_0110,chemical,NONE,THERMAL_SOURCE,THERMAL_SOURCE,True,25,LOW,FIRE_00386
24.66185,74.63312,307.91,0.52,0.5,2026-08-22,2112,N21,VIIRS,70.0,2.0NRT,292.76,2.01,N,n,2112,267.53,Synthetic_Facility_0059,mining,NONE,THERMAL_SOURCE,THERMAL_SOURCE,True,25,LOW,FIRE_00387
22.34017,69.86192,307.83,0.44,0.46,2026-08-24,2036,N21,VIIRS,70.0,2.0NRT,293.93,3.82,N,n,2036,293.43,Synthetic_Facility_0110,chemical,NONE,THERMAL_SOURCE,THERMAL_SOURCE,True,25,LOW,FIRE_00388
32.8867,71.61327,307.74,0.51,0.66,2026-08-25,2153,N21,VIIRS,70.0,2.0NRT,294.71,4.94,N,n,2153,771.89,Synthetic_Facility_0028,lng_terminal,NONE,THERMAL_SOURCE,THERMAL_SOURCE,True,25,LOW,FIRE_00389
32.88909,71.61375,307.47,0.51,0.66,2026-08-25,2153,N21,VIIRS,70.0,2.0NRT,295.24,4.25,N,n,2153,772.01,Synthetic_Facility_0028,lng_terminal,NONE,THERMAL_SOURCE,THERMAL_SOURCE,True,25,LOW,FIRE_00390
27.90663,95.66188,307.39,0.42,0.38,2026-08-22,1930,N21,VIIRS,70.0,2.0NRT,292.62,3.67,N,n,1930,475.8,Synthetic_Facility_0010,chemical,NONE,THERMAL_SOURCE,THERMAL_SOURCE,True,25,LOW,FIRE_00391
32.2905,70.73008,307.36,0.47,0.64,2026-08-25,2153,N21,VIIRS,70.0,2.0NRT,292.17,2.43,N,n,2153,802.77,Synthetic_Facility_0072,chemical,NONE,THERMAL_SOURCE,THERMAL_SOURCE,True,25,LOW,FIRE_00392
21.11155,72.63502,306.84,0.45,0.39,2026-08-24,2036,N21,VIIRS,70.0,2.0NRT,285.95,2.62,N,n,2036,196.28,Synthetic_Facility_0071,chemical,NONE,THERMAL_SOURCE,THERMAL_SOURCE,True,25,LOW,FIRE_00393
23.66204,87.15504,306.74,0.42,0.61,2026-08-24,2034,N21,VIIRS,70.0,2.0NRT,277.33,2.54,N,n,2034,131.12,Synthetic_Facility_0129,steel_mill,DISTANT,THERMAL_SOURCE,THERMAL_SOURCE,True,25,LOW,FIRE_00394
21.10467,72.6498,306.47,0.4,0.37,2026-08-23,2055,N21,VIIRS,70.0,2.0NRT,291.48,3.09,N,n,2055,197.0,Synthetic_Facility_0071,chemical,NONE,THERMAL_SOURCE,THERMAL_SOURCE,True,25,LOW,FIRE_00395
32.28815,70.73901,306.06,0.47,0.64,2026-08-25,2153,N21,VIIRS,70.0,2.0NRT,291.82,2.98,N,n,2153,801.9,Synthetic_Facility_0072,chemical,NONE,THERMAL_SOURCE,THERMAL_SOURCE,True,25,LOW,FIRE_00396
15.18196,76.66917,306.06,0.43,0.38,2026-08-25,2017,N21,VIIRS,70.0,2.0NRT,287.83,2.35,N,n,2017,285.83,Synthetic_Facility_0139,chemical,NONE,THERMAL_SOURCE,THERMAL_SOURCE,True,25,LOW,FIRE_00397
32.57438,72.56441,305.96,0.59,0.7,2026-08-25,2153,N21,VIIRS,70.0,2.0NRT,294.76,4.23,N,n,2153,668.02,Synthetic_Facility_0028,lng_terminal,NONE,THERMAL_SOURCE,THERMAL_SOURCE,True,25,LOW,FIRE_00398
15.68491,78.45717,305.93,0.39,0.36,2026-08-25,2017,N21,VIIRS,70.0,2.0NRT,291.89,2.33,N,n,2017,172.37,Synthetic_Facility_0005,chemical,NONE,THERMAL_SOURCE,THERMAL_SOURCE,True,25,LOW,FIRE_00399
22.37584,87.28196,305.92,0.35,0.57,2026-08-23,1913,N21,VIIRS,70.0,2.0NRT,282.73,2.63,N,n,1913,110.14,Synthetic_Facility_0133,chemical,DISTANT,THERMAL_SOURCE,THERMAL_SOURCE,True,25,LOW,FIRE_00400
32.28836,70.73839,305.84,0.49,0.65,2026-08-25,2014,N21,VIIRS,70.0,2.0NRT,292.43,3.61,N,n,2014,801.96,Synthetic_Facility_0072,chemical,NONE,THERMAL_SOURCE,THERMAL_SOURCE,True,25,LOW,FIRE_00401
21.11185,72.63676,305.79,0.45,0.39,2026-08-24,2036,N21,VIIRS,70.0,2.0NRT,286.44,2.38,N,n,2036,196.24,Synthetic_Facility_0071,chemical,NONE,THERMAL_SOURCE,THERMAL_SOURCE,True,25,LOW,FIRE_00402
23.77999,86.38698,305.25,0.41,0.45,2026-08-22,1932,N21,VIIRS,70.0,2.0NRT,282.07,2.34,N,n,1932,100.51,Synthetic_Facility_0116,refinery,DISTANT,THERMAL_SOURCE,THERMAL_SOURCE,True,25,LOW,FIRE_00403
22.37821,87.27383,305.16,0.71,0.75,2026-08-24,1853,N21,VIIRS,70.0,2.0NRT,284.54,4.15,N,n,1853,110.18,Synthetic_Facility_0051,power_plant,DISTANT,THERMAL_SOURCE,THERMAL_SOURCE,True,25,LOW,FIRE_00404
22.37808,87.27341,305.13,0.71,0.75,2026-08-24,1853,N21,VIIRS,70.0,2.0NRT,284.62,3.57,N,n,1853,110.14,Synthetic_Facility_0051,power_plant,DISTANT,THERMAL_SOURCE,THERMAL_SOURCE,True,25,LOW,FIRE_00405
23.77673,86.39163,304.84,0.41,0.45,2026-08-22,1932,N21,VIIRS,70.0,2.0NRT,283.2,2.26,N,n,1932,100.33,Synthetic_Facility_0116,refinery,DISTANT,THERMAL_SOURCE,THERMAL_SOURCE,True,25,LOW,FIRE_00406
22.37879,87.27578,304.5,0.45,0.63,2026-08-24,2034,N21,VIIRS,70.0,2.0NRT,288.0,3.39,N,n,2034,110.36,Synthetic_Facility_0051,power_plant,DISTANT,THERMAL_SOURCE,THERMAL_SOURCE,True,25,LOW,FIRE_00407
21.74682,83.84542,303.7,0.46,0.39,2026-08-25,2017,N21,VIIRS,70.0,2.0NRT,279.88,2.91,N,n,2017,238.01,Synthetic_Facility_0039,steel_mill,NONE,THERMAL_SOURCE,THERMAL_SOURCE,True,25,LOW,FIRE_00408
22.36235,87.30032,303.61,0.71,0.75,2026-08-24,1853,N21,VIIRS,70.0,2.0NRT,284.88,2.75,N,n,1853,108.73,Synthetic_Facility_0133,chemical,DISTANT,THERMAL_SOURCE,THERMAL_SOURCE,True,25,LOW,FIRE_00409
22.36239,87.29989,303.55,0.71,0.75,2026-08-24,1853,N21,VIIRS,70.0,2.0NRT,284.66,2.58,N,n,1853,108.77,Synthetic_Facility_0133,chemical,DISTANT,THERMAL_SOURCE,THERMAL_SOURCE,True,25,LOW,FIRE_00410
21.10195,72.64531,303.51,0.4,0.37,2026-08-23,2055,N21,VIIRS,70.0,2.0NRT,289.49,3.85,N,n,2055,197.32,Synthetic_Facility_0071,chemical,NONE,THERMAL_SOURCE,THERMAL_SOURCE,True,25,LOW,FIRE_00411
21.10867,72.64659,303.22,0.4,0.37,2026-08-23,2055,N21,VIIRS,70.0,2.0NRT,290.55,2.23,N,n,2055,196.57,Synthetic_Facility_0071,chemical,NONE,THERMAL_SOURCE,THERMAL_SOURCE,True,25,LOW,FIRE_00412
35.96521,68.68641,302.37,0.68,0.74,2026-08-25,2014,N21,VIIRS,70.0,2.0NRT,292.3,2.36,N,n,2014,1239.81,Synthetic_Facility_0028,lng_terminal,NONE,THERMAL_SOURCE,THERMAL_SOURCE,True,25,LOW,FIRE_00413
15.18715,76.6579,302.1,0.43,0.38,2026-08-25,2017,N21,VIIRS,70.0,2.0NRT,288.92,2.19,N,n,2017,284.54,Synthetic_Facility_0139,chemical,NONE,THERMAL_SOURCE,THERMAL_SOURCE,True,25,LOW,FIRE_00414
23.8,86.32664,300.61,0.73,0.76,2026-08-23,2055,N21,VIIRS,70.0,2.0NRT,268.36,3.28,N,n,2055,100.83,Synthetic_Facility_0116,refinery,DISTANT,THERMAL_SOURCE,THERMAL_SOURCE,True,25,LOW,FIRE_00415
23.6107,87.14855,296.84,0.37,0.58,2026-08-23,1913,N21,VIIRS,70.0,2.0NRT,282.29,2.08,N,n,1913,126.52,Synthetic_Facility_0129,steel_mill,DISTANT,THERMAL_SOURCE,UNKNOWN,False,25,LOW,FIRE_00416
9.62576,77.42727,295.09,0.78,0.78,2026-08-22,2116,N21,VIIRS,70.0,2.0NRT,280.75,3.12,N,n,2116,476.25,Synthetic_Facility_0121,lng_terminal,NONE,THERMAL_SOURCE,THERMAL_SOURCE,True,25,LOW,FIRE_00417
23.67615,86.39944,309.56,0.41,0.61,2026-08-23,1913,N21,VIIRS,70.0,2.0NRT,281.61,1.87,N,n,1913,90.09,Synthetic_Facility_0116,refinery,DISTANT,THERMAL_SOURCE,THERMAL_SOURCE,True,20,LOW,FIRE_00418
23.68464,86.39088,309.15,0.41,0.45,2026-08-22,1932,N21,VIIRS,70.0,2.0NRT,280.8,1.83,N,n,1932,90.64,Synthetic_Facility_0116,refinery,DISTANT,THERMAL_SOURCE,THERMAL_SOURCE,True,20,LOW,FIRE_00419
23.7583,86.40547,308.8,0.41,0.45,2026-08-22,1932,N21,VIIRS,70.0,2.0NRT,283.33,1.76,N,n,1932,98.89,Synthetic_Facility_0116,refinery,DISTANT,THERMAL_SOURCE,THERMAL_SOURCE,True,20,LOW,FIRE_00420
23.78165,86.20951,308.3,0.42,0.45,2026-08-22,1932,N21,VIIRS,70.0,2.0NRT,283.19,1.8,N,n,1932,96.51,Synthetic_Facility_0116,refinery,DISTANT,THERMAL_SOURCE,THERMAL_SOURCE,True,20,LOW,FIRE_00421
23.73973,86.43378,308.15,0.41,0.61,2026-08-23,1913,N21,VIIRS,70.0,2.0NRT,281.62,1.43,N,n,1913,98.05,Synthetic_Facility_0116,refinery,DISTANT,THERMAL_SOURCE,THERMAL_SOURCE,True,20,LOW,FIRE_00422
23.77603,86.36266,307.98,0.42,0.45,2026-08-22,1932,N21,VIIRS,70.0,2.0NRT,282.62,1.14,N,n,1932,99.3,Synthetic_Facility_0116,refinery,DISTANT,THERMAL_SOURCE,THERMAL_SOURCE,True,20,LOW,FIRE_00423
29.45843,76.89032,307.74,0.47,0.4,2026-08-23,2053,N21,VIIRS,70.0,2.0NRT,291.53,0.61,N,n,2053,90.75,Synthetic_Facility_0132,lng_terminal,DISTANT,THERMAL_SOURCE,THERMAL_SOURCE,True,20,LOW,FIRE_00424
23.72231,86.44004,307.72,0.41,0.61,2026-08-23,1913,N21,VIIRS,70.0,2.0NRT,280.41,1.38,N,n,1913,96.52,Synthetic_Facility_0116,refinery,DISTANT,THERMAL_SOURCE,THERMAL_SOURCE,True,20,LOW,FIRE_00425
23.77748,86.20891,307.56,0.42,0.45,2026-08-22,1932,N21,VIIRS,70.0,2.0NRT,283.22,1.8,N,n,1932,96.05,Synthetic_Facility_0116,refinery,DISTANT,THERMAL_SOURCE,THERMAL_SOURCE,True,20,LOW,FIRE_00426
29.35825,76.95921,307.37,0.48,0.4,2026-08-23,2053,N21,VIIRS,70.0,2.0NRT,290.96,1.47,N,n,2053,77.34,Synthetic_Facility_0132,lng_terminal,DISTANT,THERMAL_SOURCE,THERMAL_SOURCE,True,20,LOW,FIRE_00427
23.72299,86.42089,307.0,0.41,0.45,2026-08-22,1932,N21,VIIRS,70.0,2.0NRT,283.06,1.36,N,n,1932,95.8,Synthetic_Facility_0116,refinery,DISTANT,THERMAL_SOURCE,THERMAL_SOURCE,True,20,LOW,FIRE_00428
29.47537,76.8596,306.94,0.47,0.4,2026-08-23,2053,N21,VIIRS,70.0,2.0NRT,292.43,0.83,N,n,2053,94.07,Synthetic_Facility_0132,lng_terminal,DISTANT,THERMAL_SOURCE,THERMAL_SOURCE,True,20,LOW,FIRE_00429
21.73116,82.21548,306.81,0.4,0.37,2026-08-25,2017,N21,VIIRS,70.0,2.0NRT,287.73,1.19,N,n,2017,76.13,Synthetic_Facility_0039,steel_mill,DISTANT,THERMAL_SOURCE,THERMAL_SOURCE,True,20,LOW,FIRE_00430
23.71888,86.42031,306.78,0.41,0.45,2026-08-22,1932,N21,VIIRS,70.0,2.0NRT,282.13,1.36,N,n,1932,95.35,Synthetic_Facility_0116,refinery,DISTANT,THERMAL_SOURCE,THERMAL_SOURCE,True,20,LOW,FIRE_00431
23.77553,86.36674,306.45,0.41,0.45,2026-08-22,1932,N21,VIIRS,70.0,2.0NRT,282.87,1.14,N,n,1932,99.38,Synthetic_Facility_0116,refinery,DISTANT,THERMAL_SOURCE,THERMAL_SOURCE,True,20,LOW,FIRE_00432
23.67959,86.3984,306.08,0.41,0.45,2026-08-22,1932,N21,VIIRS,70.0,2.0NRT,278.54,1.17,N,n,1932,90.41,Synthetic_Facility_0116,refinery,DISTANT,THERMAL_SOURCE,THERMAL_SOURCE,True,20,LOW,FIRE_00433
23.67586,86.08545,305.7,0.43,0.46,2026-08-22,1932,N21,VIIRS,70.0,2.0NRT,282.55,1.83,N,n,1932,84.18,Synthetic_Facility_0116,refinery,DISTANT,THERMAL_SOURCE,THERMAL_SOURCE,True,20,LOW,FIRE_00434
23.7649,86.40394,305.66,0.41,0.61,2026-08-23,1913,N21,VIIRS,70.0,2.0NRT,281.22,0.73,N,n,1913,99.52,Synthetic_Facility_0116,refinery,DISTANT,THERMAL_SOURCE,THERMAL_SOURCE,True,20,LOW,FIRE_00435
23.7714,86.36617,305.57,0.41,0.45,2026-08-22,1932,N21,VIIRS,70.0,2.0NRT,283.03,0.79,N,n,1932,98.92,Synthetic_Facility_0116,refinery,DISTANT,THERMAL_SOURCE,THERMAL_SOURCE,True,20,LOW,FIRE_00436
23.72473,86.44157,305.43,0.41,0.45,2026-08-22,1932,N21,VIIRS,70.0,2.0NRT,282.04,1.93,N,n,1932,96.83,Synthetic_Facility_0116,refinery,DISTANT,THERMAL_SOURCE,THERMAL_SOURCE,True,20,LOW,FIRE_00437
23.67502,86.40179,305.32,0.41,0.45,2026-08-22,1932,N21,VIIRS,70.0,2.0NRT,276.58,1.28,N,n,1932,90.07,Synthetic_Facility_0116,refinery,DISTANT,THERMAL_SOURCE,THERMAL_SOURCE,True,20,LOW,FIRE_00438
23.60728,85.67543,305.11,0.45,0.47,2026-08-22,1932,N21,VIIRS,70.0,2.0NRT,281.7,1.5,N,n,1932,90.46,Synthetic_Facility_0116,refinery,DISTANT,THERMAL_SOURCE,THERMAL_SOURCE,True,20,LOW,FIRE_00439
23.73849,86.43127,305.03,0.41,0.45,2026-08-22,1932,N21,VIIRS,70.0,2.0NRT,281.43,1.76,N,n,1932,97.82,Synthetic_Facility_0116,refinery,DISTANT,THERMAL_SOURCE,THERMAL_SOURCE,True,20,LOW,FIRE_00440
23.71256,86.42266,304.64,0.41,0.61,2026-08-23,1913,N21,VIIRS,70.0,2.0NRT,278.41,1.87,N,n,1913,94.79,Synthetic_Facility_0116,refinery,DISTANT,THERMAL_SOURCE,THERMAL_SOURCE,True,20,LOW,FIRE_00441
23.73342,86.43871,304.54,0.41,0.45,2026-08-22,1932,N21,VIIRS,70.0,2.0NRT,282.81,1.14,N,n,1932,97.6,Synthetic_Facility_0116,refinery,DISTANT,THERMAL_SOURCE,THERMAL_SOURCE,True,20,LOW,FIRE_00442
23.73438,86.43067,304.46,0.41,0.45,2026-08-22,1932,N21,VIIRS,70.0,2.0NRT,281.98,1.76,N,n,1932,97.37,Synthetic_Facility_0116,refinery,DISTANT,THERMAL_SOURCE,THERMAL_SOURCE,True,20,LOW,FIRE_00443
23.68113,86.39481,304.32,0.41,0.61,2026-08-23,1913,N21,VIIRS,70.0,2.0NRT,281.36,1.89,N,n,1913,90.43,Synthetic_Facility_0116,refinery,DISTANT,THERMAL_SOURCE,THERMAL_SOURCE,True,20,LOW,FIRE_00444
23.68847,86.08707,304.31,0.43,0.46,2026-08-22,1932,N21,VIIRS,70.0,2.0NRT,280.98,1.1,N,n,1932,85.58,Synthetic_Facility_0116,refinery,DISTANT,THERMAL_SOURCE,THERMAL_SOURCE,True,20,LOW,FIRE_00445
23.77917,86.37136,304.31,0.41,0.45,2026-08-22,1932,N21,VIIRS,70.0,2.0NRT,282.56,1.09,N,n,1932,99.91,Synthetic_Facility_0116,refinery,DISTANT,THERMAL_SOURCE,THERMAL_SOURCE,True,20,LOW,FIRE_00446
23.67609,86.40195,304.23,0.41,0.45,2026-08-22,1932,N21,VIIRS,70.0,2.0NRT,275.82,1.76,N,n,1932,90.19,Synthetic_Facility_0116,refinery,DISTANT,THERMAL_SOURCE,THERMAL_SOURCE,True,20,LOW,FIRE_00447
23.77189,86.36209,303.78,0.42,0.45,2026-08-22,1932,N21,VIIRS,70.0,2.0NRT,282.53,0.79,N,n,1932,98.84,Synthetic_Facility_0116,refinery,DISTANT,THERMAL_SOURCE,THERMAL_SOURCE,True,20,LOW,FIRE_00448
23.66648,86.09274,303.66,0.43,0.46,2026-08-22,1932,N21,VIIRS,70.0,2.0NRT,282.02,1.05,N,n,1932,83.12,Synthetic_Facility_0116,refinery,DISTANT,THERMAL_SOURCE,THERMAL_SOURCE,True,20,LOW,FIRE_00449
22.35921,87.01627,303.4,0.36,0.58,2026-08-23,1913,N21,VIIRS,70.0,2.0NRT,277.71,1.1,N,n,1913,84.05,Synthetic_Facility_0051,power_plant,DISTANT,THERMAL_SOURCE,THERMAL_SOURCE,True,20,LOW,FIRE_00450
20.97333,86.00673,303.25,0.4,0.44,2026-08-22,1932,N21,VIIRS,70.0,2.0NRT,276.26,1.48,N,n,1932,60.26,Synthetic_Facility_0011,power_plant,DISTANT,THERMAL_SOURCE,THERMAL_SOURCE,True,20,LOW,FIRE_00451
20.86294,84.98755,302.98,0.46,0.47,2026-08-22,1932,N21,VIIRS,70.0,2.0NRT,277.99,1.6,N,n,1932,94.27,Synthetic_Facility_0128,lng_terminal,DISTANT,THERMAL_SOURCE,THERMAL_SOURCE,True,20,LOW,FIRE_00452
23.67651,86.39543,302.59,0.41,0.61,2026-08-23,1913,N21,VIIRS,70.0,2.0NRT,281.37,1.87,N,n,1913,89.97,Synthetic_Facility_0116,refinery,DISTANT,THERMAL_SOURCE,THERMAL_SOURCE,True,20,LOW,FIRE_00453
23.71639,86.44345,302.59,0.41,0.61,2026-08-23,1913,N21,VIIRS,70.0,2.0NRT,280.95,1.38,N,n,1913,96.05,Synthetic_Facility_0116,refinery,DISTANT,THERMAL_SOURCE,THERMAL_SOURCE,True,20,LOW,FIRE_00454
23.68209,86.39613,302.18,0.41,0.61,2026-08-23,1913,N21,VIIRS,70.0,2.0NRT,280.93,1.68,N,n,1913,90.58,Synthetic_Facility_0116,refinery,DISTANT,THERMAL_SOURCE,THERMAL_SOURCE,True,20,LOW,FIRE_00455
22.36675,87.01879,301.37,0.74,0.76,2026-08-24,1853,N21,VIIRS,70.0,2.0NRT,284.57,1.66,N,n,1853,83.97,Synthetic_Facility_0051,power_plant,DISTANT,THERMAL_SOURCE,THERMAL_SOURCE,True,20,LOW,FIRE_00456
23.76707,86.37955,301.3,0.41,0.61,2026-08-23,1913,N21,VIIRS,70.0,2.0NRT,282.87,1.8,N,n,1913,98.9,Synthetic_Facility_0116,refinery,DISTANT,THERMAL_SOURCE,THERMAL_SOURCE,True,20,LOW,FIRE_00457
23.72406,86.41985,301.15,0.41,0.61,2026-08-23,1913,N21,VIIRS,70.0,2.0NRT,278.41,1.28,N,n,1913,95.87,Synthetic_Facility_0116,refinery,DISTANT,THERMAL_SOURCE,THERMAL_SOURCE,True,20,LOW,FIRE_00458
23.73451,86.42915,300.72,0.41,0.61,2026-08-23,1913,N21,VIIRS,70.0,2.0NRT,279.93,1.86,N,n,1913,97.32,Synthetic_Facility_0116,refinery,DISTANT,THERMAL_SOURCE,THERMAL_SOURCE,True,20,LOW,FIRE_00459
23.75265,86.41494,300.55,0.41,0.61,2026-08-23,1913,N21,VIIRS,70.0,2.0NRT,280.09,1.31,N,n,1913,98.65,Synthetic_Facility_0116,refinery,DISTANT,THERMAL_SOURCE,THERMAL_SOURCE,True,20,LOW,FIRE_00460
23.7541,86.39857,300.5,0.41,0.61,2026-08-23,1913,N21,VIIRS,70.0,2.0NRT,281.19,1.4,N,n,1913,98.19,Synthetic_Facility_0116,refinery,DISTANT,THERMAL_SOURCE,THERMAL_SOURCE,True,20,LOW,FIRE_00461
23.67594,86.39375,300.5,0.41,0.45,2026-08-22,1932,N21,VIIRS,70.0,2.0NRT,277.19,0.43,N,n,1932,89.85,Synthetic_Facility_0116,refinery,DISTANT,THERMAL_SOURCE,THERMAL_SOURCE,True,20,LOW,FIRE_00462
23.72372,86.42384,299.81,0.41,0.61,2026-08-23,1913,N21,VIIRS,70.0,2.0NRT,278.08,1.41,N,n,1913,95.99,Synthetic_Facility_0116,refinery,DISTANT,UNKNOWN,UNKNOWN,True,20,LOW,FIRE_00463
23.7768,85.99547,299.36,0.44,0.46,2026-08-22,1932,N21,VIIRS,70.0,2.0NRT,276.54,0.83,N,n,1932,96.19,Synthetic_Facility_0116,refinery,DISTANT,UNKNOWN,UNKNOWN,True,20,LOW,FIRE_00464
25.54005,91.23735,298.55,0.4,0.37,2026-08-22,1932,N21,VIIRS,70.0,2.0NRT,280.35,0.48,N,n,1932,59.37,Synthetic_Facility_0101,refinery,DISTANT,UNKNOWN,UNKNOWN,True,20,LOW,FIRE_00465
23.77993,86.34556,297.78,0.73,0.76,2026-08-23,2055,N21,VIIRS,70.0,2.0NRT,268.37,1.34,N,n,2055,99.2,Synthetic_Facility_0116,refinery,DISTANT,UNKNOWN,UNKNOWN,True,20,LOW,FIRE_00466
23.7721,85.99903,295.9,0.44,0.46,2026-08-22,1932,N21,VIIRS,70.0,2.0NRT,272.08,0.33,N,n,1932,95.62,Synthetic_Facility_0116,refinery,DISTANT,UNKNOWN,UNKNOWN,True,20,LOW,FIRE_00467
26.25694,74.09481,309.59,0.45,0.47,2026-08-22,2112,N21,VIIRS,70.0,2.0NRT,293.38,1.3,N,n,2112,187.53,Synthetic_Facility_0111,mining,NONE,THERMAL_SOURCE,THERMAL_SOURCE,True,15,LOW,FIRE_00468
29.12299,75.77946,309.56,0.41,0.37,2026-08-24,2034,N21,VIIRS,70.0,2.0NRT,295.69,0.55,N,n,2034,158.88,Synthetic_Facility_0028,lng_terminal,NONE,THERMAL_SOURCE,THERMAL_SOURCE,True,15,LOW,FIRE_00469
31.68094,73.96224,309.5,0.38,0.36,2026-08-23,2053,N21,VIIRS,70.0,2.0NRT,295.8,0.79,N,n,2053,486.36,Synthetic_Facility_0028,lng_terminal,NONE,THERMAL_SOURCE,THERMAL_SOURCE,True,15,LOW,FIRE_00470
24.65842,73.87619,309.35,0.41,0.37,2026-08-23,2053,N21,VIIRS,70.0,2.0NRT,294.33,1.25,N,n,2053,221.58,Synthetic_Facility_0006,cement,NONE,THERMAL_SOURCE,THERMAL_SOURCE,True,15,LOW,FIRE_00471
35.98925,94.83195,309.28,0.39,0.36,2026-08-22,1928,N21,VIIRS,70.0,2.0NRT,281.23,0.78,N,n,1928,1185.6,Synthetic_Facility_0140,steel_mill,NONE,THERMAL_SOURCE,THERMAL_SOURCE,True,15,LOW,FIRE_00472
22.93522,69.69798,309.2,0.45,0.47,2026-08-24,2036,N21,VIIRS,70.0,2.0NRT,293.68,1.47,N,n,2036,304.87,Synthetic_Facility_0123,refinery,NONE,THERMAL_SOURCE,THERMAL_SOURCE,True,15,LOW,FIRE_00473
15.17786,77.10236,309.04,0.41,0.37,2026-08-25,2017,N21,VIIRS,70.0,2.0NRT,292.29,1.05,N,n,2017,274.36,Synthetic_Facility_0122,cement,NONE,THERMAL_SOURCE,THERMAL_SOURCE,True,15,LOW,FIRE_00474
15.17445,77.10182,308.87,0.41,0.37,2026-08-25,2017,N21,VIIRS,70.0,2.0NRT,292.14,1.05,N,n,2017,274.72,Synthetic_Facility_0122,cement,NONE,THERMAL_SOURCE,THERMAL_SOURCE,True,15,LOW,FIRE_00475
33.54433,71.54929,308.72,0.42,0.38,2026-08-23,2053,N21,VIIRS,70.0,2.0NRT,296.56,0.98,N,n,2053,823.68,Synthetic_Facility_0028,lng_terminal,NONE,THERMAL_SOURCE,THERMAL_SOURCE,True,15,LOW,FIRE_00476
11.13734,77.35052,308.69,0.34,0.56,2026-08-23,2057,N21,VIIRS,70.0,2.0NRT,287.11,1.5,N,n,2057,368.82,Synthetic_Facility_0121,lng_terminal,NONE,THERMAL_SOURCE,THERMAL_SOURCE,True,15,LOW,FIRE_00477
27.28774,73.83964,308.69,0.4,0.37,2026-08-23,2055,N21,VIIRS,70.0,2.0NRT,293.64,1.09,N,n,2055,205.36,Synthetic_Facility_0111,mining,NONE,THERMAL_SOURCE,THERMAL_SOURCE,True,15,LOW,FIRE_00478
28.42303,69.70245,308.54,0.4,0.37,2026-08-22,2112,N21,VIIRS,70.0,2.0NRT,295.97,1.14,N,n,2112,663.01,Synthetic_Facility_0032,power_plant,NONE,THERMAL_SOURCE,THERMAL_SOURCE,True,15,LOW,FIRE_00479
33.29874,71.18465,308.53,0.47,0.64,2026-08-25,2014,N21,VIIRS,70.0,2.0NRT,294.38,1.32,N,n,2014,837.51,Synthetic_Facility_0028,lng_terminal,NONE,THERMAL_SOURCE,THERMAL_SOURCE,True,15,LOW,FIRE_00480
32.29042,70.74036,308.12,0.44,0.38,2026-08-23,2053,N21,VIIRS,70.0,2.0NRT,296.05,1.82,N,n,2053,801.98,Synthetic_Facility_0072,chemical,NONE,THERMAL_SOURCE,THERMAL_SOURCE,True,15,LOW,FIRE_00481
17.46485,80.65231,308.11,0.39,0.36,2026-08-25,2017,N21,VIIRS,70.0,2.0NRT,286.21,1.05,N,n,2017,230.82,Synthetic_Facility_0109,mining,NONE,THERMAL_SOURCE,THERMAL_SOURCE,True,15,LOW,FIRE_00482
33.90394,71.91566,308.09,0.42,0.37,2026-08-23,2053,N21,VIIRS,70.0,2.0NRT,296.28,1.75,N,n,2053,821.34,Synthetic_Facility_0028,lng_terminal,NONE,THERMAL_SOURCE,THERMAL_SOURCE,True,15,LOW,FIRE_00483
10.59398,78.44864,308.07,0.47,0.64,2026-08-22,1936,N21,VIIRS,70.0,2.0NRT,288.38,1.01,N,n,1936,322.01,Synthetic_Facility_0121,lng_terminal,NONE,THERMAL_SOURCE,THERMAL_SOURCE,True,15,LOW,FIRE_00484
23.55735,87.24048,308.03,0.43,0.46,2026-08-25,2017,N21,VIIRS,70.0,2.0NRT,279.43,1.85,N,n,2017,129.98,Synthetic_Facility_0129,steel_mill,DISTANT,THERMAL_SOURCE,THERMAL_SOURCE,True,15,LOW,FIRE_00485
33.69004,72.71039,307.68,0.41,0.45,2026-08-24,2032,N21,VIIRS,70.0,2.0NRT,294.99,1.65,N,n,2032,743.72,Synthetic_Facility_0028,lng_terminal,NONE,THERMAL_SOURCE,THERMAL_SOURCE,True,15,LOW,FIRE_00486
23.3138,70.48741,307.62,0.39,0.36,2026-08-23,2053,N21,VIIRS,70.0,2.0NRT,294.43,1.24,N,n,2053,220.74,Synthetic_Facility_0123,refinery,NONE,THERMAL_SOURCE,THERMAL_SOURCE,True,15,LOW,FIRE_00487
33.27676,72.1431,307.43,0.43,0.46,2026-08-24,2032,N21,VIIRS,70.0,2.0NRT,296.22,1.12,N,n,2032,754.82,Synthetic_Facility_0028,lng_terminal,NONE,THERMAL_SOURCE,THERMAL_SOURCE,True,15,LOW,FIRE_00488
25.94286,72.19045,307.37,0.38,0.36,2026-08-23,2055,N21,VIIRS,70.0,2.0NRT,294.51,0.97,N,n,2055,311.06,Synthetic_Facility_0032,power_plant,NONE,THERMAL_SOURCE,THERMAL_SOURCE,True,15,LOW,FIRE_00489
23.78133,86.38822,307.36,0.41,0.45,2026-08-22,1932,N21,VIIRS,70.0,2.0NRT,282.54,1.36,N,n,1932,100.7,Synthetic_Facility_0116,refinery,DISTANT,THERMAL_SOURCE,THERMAL_SOURCE,True,15,LOW,FIRE_00490
33.29698,71.18508,307.31,0.47,0.64,2026-08-25,2153,N21,VIIRS,70.0,2.0NRT,292.49,1.45,N,n,2153,837.35,Synthetic_Facility_0028,lng_terminal,NONE,THERMAL_SOURCE,THERMAL_SOURCE,True,15,LOW,FIRE_00491
24.93308,74.63296,307.26,0.51,0.5,2026-08-22,2112,N21,VIIRS,70.0,2.0NRT,292.86,1.44,N,n,2112,241.14,Synthetic_Facility_0059,mining,NONE,THERMAL_SOURCE,THERMAL_SOURCE,True,15,LOW,FIRE_00492
21.43188,72.97569,307.25,0.47,0.48,2026-08-22,2114,N21,VIIRS,70.0,2.0NRT,291.64,1.58,N,n,2114,163.95,Synthetic_Facility_0071,chemical,NONE,THERMAL_SOURCE,THERMAL_SOURCE,True,15,LOW,FIRE_00493
23.66484,84.99831,307.18,0.5,0.49,2026-08-22,1932,N21,VIIRS,70.0,2.0NRT,279.12,1.88,N,n,1932,148.67,Synthetic_Facility_0116,refinery,DISTANT,THERMAL_SOURCE,THERMAL_SOURCE,True,15,LOW,FIRE_00494
8.01072,81.31505,306.94,0.51,0.41,2026-08-25,2019,N21,VIIRS,70.0,2.0NRT,266.03,1.11,N,n,2019,561.68,Synthetic_Facility_0082,mining,NONE,THERMAL_SOURCE,THERMAL_SOURCE,True,15,LOW,FIRE_00495
35.96921,68.6854,306.87,0.37,0.58,2026-08-24,2032,N21,VIIRS,70.0,2.0NRT,294.07,1.12,N,n,2032,1240.18,Synthetic_Facility_0028,lng_terminal,NONE,THERMAL_SOURCE,THERMAL_SOURCE,True,15,LOW,FIRE_00496
26.87672,73.51546,306.5,0.39,0.36,2026-08-23,2055,N21,VIIRS,70.0,2.0NRT,293.53,1.63,N,n,2055,237.14,Synthetic_Facility_0111,mining,NONE,THERMAL_SOURCE,THERMAL_SOURCE,True,15,LOW,FIRE_00497
33.68745,72.71075,306.46,0.38,0.59,2026-08-25,2014,N21,VIIRS,70.0,2.0NRT,294.21,1.07,N,n,2014,743.48,Synthetic_Facility_0028,lng_terminal,NONE,THERMAL_SOURCE,THERMAL_SOURCE,True,15,LOW,FIRE_00498
26.25869,74.09478,306.44,0.44,0.38,2026-08-24,2034,N21,VIIRS,70.0,2.0NRT,293.61,1.29,N,n,2034,187.46,Synthetic_Facility_0111,mining,NONE,THERMAL_SOURCE,THERMAL_SOURCE,True,15,LOW,FIRE_00499
22.24316,87.38877,306.4,0.34,0.56,2026-08-23,1913,N21,VIIRS,70.0,2.0NRT,285.23,1.74,N,n,1913,104.5,Synthetic_Facility_0094,mining,DISTANT,THERMAL_SOURCE,THERMAL_SOURCE,True,15,LOW,FIRE_00500
26.09396,68.87734,306.4,0.56,0.51,2026-08-24,2034,N21,VIIRS,70.0,2.0NRT,295.01,0.95,N,n,2034,519.87,Synthetic_Facility_0032,power_plant,NONE,THERMAL_SOURCE,THERMAL_SOURCE,True,15,LOW,FIRE_00501
23.31523,70.48663,306.28,0.41,0.45,2026-08-24,2036,N21,VIIRS,70.0,2.0NRT,294.42,1.6,N,n,2036,220.86,Synthetic_Facility_0123,refinery,NONE,THERMAL_SOURCE,THERMAL_SOURCE,True,15,LOW,FIRE_00502
25.38863,68.58158,306.01,0.51,0.66,2026-08-25,2155,N21,VIIRS,70.0,2.0NRT,293.37,1.3,N,n,2155,503.1,Synthetic_Facility_0032,power_plant,NONE,THERMAL_SOURCE,THERMAL_SOURCE,True,15,LOW,FIRE_00503
25.94196,72.19294,305.95,0.53,0.42,2026-08-24,2034,N21,VIIRS,70.0,2.0NRT,294.78,1.97,N,n,2034,310.93,Synthetic_Facility_0032,power_plant,NONE,THERMAL_SOURCE,THERMAL_SOURCE,True,15,LOW,FIRE_00504
24.9345,74.6351,305.76,0.51,0.49,2026-08-22,2112,N21,VIIRS,70.0,2.0NRT,292.62,1.22,N,n,2112,240.89,Synthetic_Facility_0059,mining,NONE,THERMAL_SOURCE,THERMAL_SOURCE,True,15,LOW,FIRE_00505
22.36633,87.30431,305.57,0.46,0.63,2026-08-24,2034,N21,VIIRS,70.0,2.0NRT,287.65,1.78,N,n,2034,108.16,Synthetic_Facility_0133,chemical,DISTANT,THERMAL_SOURCE,THERMAL_SOURCE,True,15,LOW,FIRE_00506
21.1066,72.63825,305.43,0.4,0.37,2026-08-23,2055,N21,VIIRS,70.0,2.0NRT,292.27,1.31,N,n,2055,196.82,Synthetic_Facility_0071,chemical,NONE,THERMAL_SOURCE,THERMAL_SOURCE,True,15,LOW,FIRE_00507
33.69108,72.85719,305.43,0.4,0.44,2026-08-24,2032,N21,VIIRS,70.0,2.0NRT,294.84,1.2,N,n,2032,733.16,Synthetic_Facility_0028,lng_terminal,NONE,THERMAL_SOURCE,THERMAL_SOURCE,True,15,LOW,FIRE_00508
10.77575,78.88298,305.38,0.39,0.36,2026-08-25,2019,N21,VIIRS,70.0,2.0NRT,283.61,1.6,N,n,2019,279.0,Synthetic_Facility_0121,lng_terminal,NONE,THERMAL_SOURCE,THERMAL_SOURCE,True,15,LOW,FIRE_00509
21.10415,72.63996,305.3,0.45,0.39,2026-08-24,2036,N21,VIIRS,70.0,2.0NRT,285.08,1.32,N,n,2036,197.08,Synthetic_Facility_0071,chemical,NONE,THERMAL_SOURCE,THERMAL_SOURCE,True,15,LOW,FIRE_00510
24.68829,73.00064,305.3,0.39,0.36,2026-08-23,2053,N21,VIIRS,70.0,2.0NRT,292.89,0.98,N,n,2053,177.43,Synthetic_Facility_0032,power_plant,NONE,THERMAL_SOURCE,THERMAL_SOURCE,True,15,LOW,FIRE_00511
15.02118,78.01533,305.27,0.39,0.36,2026-08-25,2017,N21,VIIRS,70.0,2.0NRT,286.28,0.71,N,n,2017,252.39,Synthetic_Facility_0005,chemical,NONE,THERMAL_SOURCE,THERMAL_SOURCE,True,15,LOW,FIRE_00512
22.93092,69.6974,305.22,0.45,0.47,2026-08-24,2036,N21,VIIRS,70.0,2.0NRT,293.62,1.29,N,n,2036,304.94,Synthetic_Facility_0123,refinery,NONE,THERMAL_SOURCE,THERMAL_SOURCE,True,15,LOW,FIRE_00513
11.26698,80.00464,305.21,0.41,0.37,2026-08-25,2019,N21,VIIRS,70.0,2.0NRT,275.28,1.48,N,n,2019,188.23,Synthetic_Facility_0121,lng_terminal,NONE,THERMAL_SOURCE,THERMAL_SOURCE,True,15,LOW,FIRE_00514
15.22395,76.76291,305.15,0.42,0.38,2026-08-25,2017,N21,VIIRS,70.0,2.0NRT,292.43,1.23,N,n,2017,292.04,Synthetic_Facility_0122,cement,NONE,THERMAL_SOURCE,THERMAL_SOURCE,True,15,LOW,FIRE_00515
20.91191,71.45881,305.05,0.33,0.55,2026-08-25,2019,N21,VIIRS,70.0,2.0NRT,290.37,0.96,N,n,2019,240.61,Synthetic_Facility_0066,lng_terminal,NONE,THERMAL_SOURCE,THERMAL_SOURCE,True,15,LOW,FIRE_00516
21.1077,72.6405,305.03,0.45,0.39,2026-08-24,2036,N21,VIIRS,70.0,2.0NRT,286.38,1.32,N,n,2036,196.69,Synthetic_Facility_0071,chemical,NONE,THERMAL_SOURCE,THERMAL_SOURCE,True,15,LOW,FIRE_00517
23.65716,85.50877,305.01,0.47,0.47,2026-08-22,1932,N21,VIIRS,70.0,2.0NRT,280.24,1.5,N,n,1932,105.77,Synthetic_Facility_0116,refinery,DISTANT,THERMAL_SOURCE,THERMAL_SOURCE,True,15,LOW,FIRE_00518
23.16381,82.33716,304.82,0.4,0.37,2026-08-25,2017,N21,VIIRS,70.0,2.0NRT,266.63,1.46,N,n,2017,215.09,Synthetic_Facility_0026,refinery,NONE,THERMAL_SOURCE,THERMAL_SOURCE,True,15,LOW,FIRE_00519
20.91008,71.45858,304.73,0.51,0.41,2026-08-24,2036,N21,VIIRS,70.0,2.0NRT,291.81,1.97,N,n,2036,240.46,Synthetic_Facility_0066,lng_terminal,NONE,THERMAL_SOURCE,THERMAL_SOURCE,True,15,LOW,FIRE_00520
31.25072,76.92702,304.62,0.4,0.37,2026-08-24,2034,N21,VIIRS,70.0,2.0NRT,291.29,0.46,N,n,2034,281.31,Synthetic_Facility_0132,lng_terminal,NONE,THERMAL_SOURCE,THERMAL_SOURCE,True,15,LOW,FIRE_00521
22.36792,87.30201,304.48,0.46,0.63,2026-08-24,2034,N21,VIIRS,70.0,2.0NRT,287.91,1.87,N,n,2034,108.34,Synthetic_Facility_0133,chemical,DISTANT,THERMAL_SOURCE,THERMAL_SOURCE,True,15,LOW,FIRE_00522
12.91749,79.11784,304.36,0.39,0.36,2026-08-25,2019,N21,VIIRS,70.0,2.0NRT,281.42,0.7,N,n,2019,112.43,Synthetic_Facility_0121,lng_terminal,DISTANT,THERMAL_SOURCE,THERMAL_SOURCE,True,15,LOW,FIRE_00523
24.6572,73.87634,304.12,0.47,0.47,2026-08-22,2112,N21,VIIRS,70.0,2.0NRT,293.14,1.08,N,n,2112,221.49,Synthetic_Facility_0006,cement,NONE,THERMAL_SOURCE,THERMAL_SOURCE,True,15,LOW,FIRE_00524
24.69098,73.00512,304.11,0.39,0.36,2026-08-23,2053,N21,VIIRS,70.0,2.0NRT,293.03,0.98,N,n,2053,177.86,Synthetic_Facility_0032,power_plant,NONE,THERMAL_SOURCE,THERMAL_SOURCE,True,15,LOW,FIRE_00525
27.46791,95.42184,303.96,0.42,0.37,2026-08-22,1930,N21,VIIRS,70.0,2.0NRT,277.22,0.75,N,n,1930,428.34,Synthetic_Facility_0010,chemical,NONE,THERMAL_SOURCE,THERMAL_SOURCE,True,15,LOW,FIRE_00526
22.57408,70.22664,303.8,0.39,0.36,2026-08-23,2053,N21,VIIRS,70.0,2.0NRT,292.27,1.72,N,n,2053,249.05,Synthetic_Facility_0110,chemical,NONE,THERMAL_SOURCE,THERMAL_SOURCE,True,15,LOW,FIRE_00527
31.32664,76.89409,303.53,0.4,0.37,2026-08-24,2034,N21,VIIRS,70.0,2.0NRT,291.91,0.76,N,n,2034,290.18,Synthetic_Facility_0132,lng_terminal,NONE,THERMAL_SOURCE,THERMAL_SOURCE,True,15,LOW,FIRE_00528
10.08148,77.23804,303.41,0.56,0.69,2026-08-22,1936,N21,VIIRS,70.0,2.0NRT,288.31,1.61,N,n,1936,452.77,Synthetic_Facility_0121,lng_terminal,NONE,THERMAL_SOURCE,THERMAL_SOURCE,True,15,LOW,FIRE_00529
21.10388,72.63377,303.36,0.4,0.37,2026-08-23,2055,N21,VIIRS,70.0,2.0NRT,290.85,1.31,N,n,2055,197.13,Synthetic_Facility_0071,chemical,NONE,THERMAL_SOURCE,THERMAL_SOURCE,True,15,LOW,FIRE_00530
23.16651,82.34164,303.04,0.4,0.37,2026-08-25,2017,N21,VIIRS,70.0,2.0NRT,266.14,0.75,N,n,2017,215.56,Synthetic_Facility_0026,refinery,NONE,THERMAL_SOURCE,THERMAL_SOURCE,True,15,LOW,FIRE_00531
23.5561,87.23985,302.88,0.43,0.62,2026-08-24,2034,N21,VIIRS,70.0,2.0NRT,277.95,1.0,N,n,2034,129.84,Synthetic_Facility_0129,steel_mill,DISTANT,THERMAL_SOURCE,THERMAL_SOURCE,True,15,LOW,FIRE_00532
29.08468,88.0102,302.85,0.36,0.57,2026-08-24,2034,N21,VIIRS,70.0,2.0NRT,281.81,0.96,N,n,2034,567.24,Synthetic_Facility_0114,lng_terminal,NONE,THERMAL_SOURCE,THERMAL_SOURCE,True,15,LOW,FIRE_00533
27.53554,95.39848,302.84,0.43,0.38,2026-08-23,1913,N21,VIIRS,70.0,2.0NRT,279.41,0.28,N,n,1913,429.67,Synthetic_Facility_0010,chemical,NONE,THERMAL_SOURCE,THERMAL_SOURCE,True,15,LOW,FIRE_00534
15.02173,78.0117,302.82,0.39,0.36,2026-08-25,2017,N21,VIIRS,70.0,2.0NRT,285.54,0.71,N,n,2017,252.42,Synthetic_Facility_0005,chemical,NONE,THERMAL_SOURCE,THERMAL_SOURCE,True,15,LOW,FIRE_00535
24.12137,86.86515,302.81,0.39,0.44,2026-08-22,1932,N21,VIIRS,70.0,2.0NRT,281.78,0.37,N,n,1932,157.54,Synthetic_Facility_0129,steel_mill,NONE,THERMAL_SOURCE,THERMAL_SOURCE,True,15,LOW,FIRE_00536
10.0775,77.2383,302.68,0.56,0.69,2026-08-22,1936,N21,VIIRS,70.0,2.0NRT,288.38,1.41,N,n,1936,453.06,Synthetic_Facility_0121,lng_terminal,NONE,THERMAL_SOURCE,THERMAL_SOURCE,True,15,LOW,FIRE_00537
23.69767,85.35781,302.44,0.32,0.55,2026-08-24,2034,N21,VIIRS,70.0,2.0NRT,286.23,1.08,N,n,2034,120.27,Synthetic_Facility_0116,refinery,DISTANT,THERMAL_SOURCE,THERMAL_SOURCE,True,15,LOW,FIRE_00538
24.11958,86.35051,302.42,0.42,0.61,2026-08-23,1913,N21,VIIRS,70.0,2.0NRT,282.55,1.21,N,n,1913,136.04,Synthetic_Facility_0116,refinery,DISTANT,THERMAL_SOURCE,THERMAL_SOURCE,True,15,LOW,FIRE_00539
23.7815,86.39215,302.41,0.41,0.61,2026-08-23,1913,N21,VIIRS,70.0,2.0NRT,282.18,1.27,N,n,1913,100.85,Synthetic_Facility_0116,refinery,DISTANT,THERMAL_SOURCE,THERMAL_SOURCE,True,15,LOW,FIRE_00540
19.93539,73.71249,301.45,0.45,0.39,2026-08-23,2055,N21,VIIRS,70.0,2.0NRT,290.77,0.55,N,n,2055,118.6,Synthetic_Facility_0001,power_plant,DISTANT,THERMAL_SOURCE,THERMAL_SOURCE,True,15,LOW,FIRE_00541
24.11502,86.86157,301.13,0.39,0.59,2026-08-23,1913,N21,VIIRS,70.0,2.0NRT,267.96,1.18,N,n,1913,156.74,Synthetic_Facility_0129,steel_mill,NONE,THERMAL_SOURCE,THERMAL_SOURCE,True,15,LOW,FIRE_00542
22.37963,87.27699,300.96,0.46,0.47,2026-08-25,2017,N21,VIIRS,70.0,2.0NRT,278.05,1.96,N,n,2017,110.47,Synthetic_Facility_0051,power_plant,DISTANT,THERMAL_SOURCE,THERMAL_SOURCE,True,15,LOW,FIRE_00543
23.77716,86.39299,300.96,0.41,0.61,2026-08-23,1913,N21,VIIRS,70.0,2.0NRT,280.75,1.9,N,n,1913,100.42,Synthetic_Facility_0116,refinery,DISTANT,THERMAL_SOURCE,THERMAL_SOURCE,True,15,LOW,FIRE_00544
27.21968,86.62115,300.95,0.33,0.55,2026-08-24,2034,N21,VIIRS,70.0,2.0NRT,278.07,0.58,N,n,2034,480.86,Synthetic_Facility_0116,refinery,NONE,THERMAL_SOURCE,THERMAL_SOURCE,True,15,LOW,FIRE_00545
31.2488,76.9297,300.72,0.45,0.39,2026-08-23,2053,N21,VIIRS,70.0,2.0NRT,290.7,0.38,N,n,2053,281.06,Synthetic_Facility_0132,lng_terminal,NONE,THERMAL_SOURCE,THERMAL_SOURCE,True,15,LOW,FIRE_00546
23.82208,84.5723,300.45,0.54,0.51,2026-08-22,1932,N21,VIIRS,70.0,2.0NRT,271.34,1.33,N,n,1932,198.01,Synthetic_Facility_0116,refinery,NONE,THERMAL_SOURCE,THERMAL_SOURCE,True,15,LOW,FIRE_00547
23.7934,86.34972,300.21,0.73,0.76,2026-08-23,2055,N21,VIIRS,70.0,2.0NRT,269.16,1.44,N,n,2055,100.76,Synthetic_Facility_0116,refinery,DISTANT,THERMAL_SOURCE,THERMAL_SOURCE,True,15,LOW,FIRE_00548
25.94452,72.18851,300.18,0.34,0.56,2026-08-25,2017,N21,VIIRS,70.0,2.0NRT,277.97,0.85,N,n,2017,311.27,Synthetic_Facility_0032,power_plant,NONE,THERMAL_SOURCE,THERMAL_SOURCE,True,15,LOW,FIRE_00549
23.16317,82.34101,299.79,0.4,0.37,2026-08-25,2017,N21,VIIRS,70.0,2.0NRT,265.73,0.75,N,n,2017,215.2,Synthetic_Facility_0026,refinery,NONE,UNKNOWN,UNKNOWN,True,15,LOW,FIRE_00550
23.80548,86.33092,299.17,0.73,0.76,2026-08-23,2055,N21,VIIRS,70.0,2.0NRT,268.63,1.82,N,n,2055,101.53,Synthetic_Facility_0116,refinery,DISTANT,UNKNOWN,UNKNOWN,True,15,LOW,FIRE_00551
12.2171,79.00295,299.01,0.39,0.36,2026-08-25,2019,N21,VIIRS,70.0,2.0NRT,272.29,0.9,N,n,2019,149.71,Synthetic_Facility_0121,lng_terminal,DISTANT,UNKNOWN,UNKNOWN,True,15,LOW,FIRE_00552
23.6974,85.3561,298.78,0.32,0.55,2026-08-24,2034,N21,VIIRS,70.0,2.0NRT,286.16,0.9,N,n,2034,120.38,Synthetic_Facility_0116,refinery,DISTANT,UNKNOWN,UNKNOWN,True,15,LOW,FIRE_00553
23.54908,87.2466,298.31,0.36,0.58,2026-08-23,1913,N21,VIIRS,70.0,2.0NRT,277.37,1.92,N,n,1913,129.91,Synthetic_Facility_0129,steel_mill,DISTANT,UNKNOWN,UNKNOWN,True,15,LOW,FIRE_00554
22.37453,87.28033,298.06,0.46,0.47,2026-08-25,2017,N21,VIIRS,70.0,2.0NRT,274.56,1.31,N,n,2017,110.36,Synthetic_Facility_0133,chemical,DISTANT,UNKNOWN,UNKNOWN,True,15,LOW,FIRE_00555
8.00698,81.31441,297.25,0.51,0.41,2026-08-25,2019,N21,VIIRS,70.0,2.0NRT,266.48,0.49,N,n,2019,562.08,Synthetic_Facility_0082,mining,NONE,UNKNOWN,UNKNOWN,True,15,LOW,FIRE_00556
8.3688,81.03394,297.02,0.61,0.71,2026-08-23,1917,N21,VIIRS,70.0,2.0NRT,263.01,0.77,N,n,1917,517.18,Synthetic_Facility_0082,mining,NONE,UNKNOWN,UNKNOWN,True,15,LOW,FIRE_00557
23.61102,87.14495,296.59,0.37,0.58,2026-08-23,1913,N21,VIIRS,70.0,2.0NRT,282.12,1.75,N,n,1913,126.26,Synthetic_Facility_0129,steel_mill,DISTANT,UNKNOWN,UNKNOWN,True,15,LOW,FIRE_00558
23.78184,86.38814,296.29,0.41,0.61,2026-08-23,1913,N21,VIIRS,70.0,2.0NRT,281.44,1.27,N,n,1913,100.75,Synthetic_Facility_0116,refinery,DISTANT,UNKNOWN,UNKNOWN,True,15,LOW,FIRE_00559
10.07067,77.25338,296.24,0.35,0.57,2026-08-23,2057,N21,VIIRS,70.0,2.0NRT,284.9,1.7,N,n,2057,452.41,Synthetic_Facility_0121,lng_terminal,NONE,UNKNOWN,UNKNOWN,True,15,LOW,FIRE_00560
10.06989,77.25764,295.88,0.35,0.57,2026-08-23,2057,N21,VIIRS,70.0,2.0NRT,283.55,1.09,N,n,2057,452.14,Synthetic_Facility_0121,lng_terminal,NONE,UNKNOWN,UNKNOWN,True,15,LOW,FIRE_00561
23.616,86.79124,295.4,0.39,0.44,2026-08-22,1932,N21,VIIRS,70.0,2.0NRT,268.0,0.82,N,n,1932,103.12,Synthetic_Facility_0129,steel_mill,DISTANT,UNKNOWN,UNKNOWN,True,15,LOW,FIRE_00562
